Animal,Behavior,X.,StartI2FS,StartI2,EndI2,StartRNHF,EndRN,StartB3,EndB3,StartB6B9,EndB6B9,StartB43,EndB43,StartB38prot,EndB38prot,StartB38retr,EndB38retr,StartB10prot,EndB10prot,StartB10retr,StartB4B5,EndB4B5
Q4,bite,1,186.169,186.831,190.131,189.246,192.5285,192.3575,192.5805,192.0465,192.957,193.0557,193.3465,NaN,NaN,193.9415,194.2965,188.8885,189.872,190.1745,190.3068,190.7844
Q4,bite,2,202.9585,203.9985,206.4085,205.324,208.783,208.6905,208.8872,208.263,209.1125,209.2195,209.851,NaN,NaN,NaN,NaN,204.586,206.2935,206.5375,206.6044,208.3885
Q4,bite,3,209.867,212.037,213.9125,213.2186,216.0186,215.8975,215.8976,215.728,216.3925,216.513,216.8665,NaN,NaN,216.622,217.857,212.4035,213.232,213.9459,214.0346,215.1814
Q4,bite,4,233.1405,233.1405,235.7565,235.0971,237.8636,237.35,238.0035,237.3945,238.083,238.092,238.829,NaN,NaN,237.7122,238.6393,234.2275,235.0587,235.8296,235.9914,235.9953
Q4,bite,5,315.869,317.209,319.4075,318.6326,321.2091,321.4515,321.603,320.942,321.603,321.627,322.5925,NaN,NaN,NaN,NaN,317.8145,318.587,319.471,319.848,321.3705
Q4,bite,6,329.9245,330.3945,333.9745,332.3905,335.226,NaN,NaN,335.001,335.7645,335.8355,336.454,NaN,NaN,336.3875,336.3875,331.75,332.765,333.6355,333.8794,335.1434
Q4,bite,7,338.979,340.349,343.089,342.2975,344.7945,NaN,NaN,343.337,345.3285,345.4385,346.0099,NaN,NaN,NaN,NaN,341.7255,342.504,343.1727,341.6534,344.9169
Q4,bite,8,359.872,360.562,363.322,362.005,364.615,365.031,365.0311,364.4425,365.075,365.2013,366.474,NaN,NaN,365.518,365.518,360.9925,362.163,363.0218,362.8054,364.8659
Q4,bite,9,613.1355,613.4555,618.2355,616.1477,620.5125,620.7258,620.9695,620.157,621.171,621.1875,621.9685,NaN,NaN,NaN,NaN,NaN,NaN,618.3865,619.1479,621.0639
Q4,bite,10,658.5565,659.8965,663.3865,662.166,665.818,666.3015,666.3016,665.2515,666.1875,666.2695,667.2385,NaN,NaN,667.5125,668.081,661.086,662.391,663.4852,663.5459,665.7359
Q4,bite,11,300.745,301.035,307.809,305.4885,310.5885,NaN,NaN,310.342,311.4195,311.582,312.07,NaN,NaN,311.5727,313.0852,302.594,306.259,307.825,308.4884,311.0459
Q4,bite,12,330.434,331.384,334.4535,332.9525,338.24,337.64,338.8055,336.7555,338.8055,338.84,339.2825,NaN,NaN,339.0277,340.1717,NaN,NaN,334.4745,334.6969,338.5704
Q4,bite,13,350.498,351.618,354.2785,353.0961,357.099,357.0938,357.461,356.543,357.381,357.544,357.912,NaN,NaN,357.5822,358.8727,352.8031,352.937,354.4449,354.6189,357.0264
Q4,weak bite,1,698.2105,700.3305,704.688,704.5755,709.6728,709.0995,710.06,708.217,710.234,710.344,711.171,NaN,NaN,NaN,NaN,NaN,NaN,704.85,704.8864,710.2359
Q4,weak bite,2,368.0855,368.8055,371.597,371.0175,373.942,373.1375,373.7515,372.9225,373.996,374.0075,374.7685,NaN,NaN,NaN,NaN,NaN,NaN,371.2645,371.9674,373.6099
Q4,thin swallow,1,248.1845,248.5645,250.464,250.35,253.3055,251.865,253.174,252.0145,253.2785,253.3945,254.2755,247.1167,249.8455,253.4815,255.2565,NaN,NaN,250.5087,251.5839,253.3434
Q4,thin swallow,2,260.959,261.919,263.3505,263.3775,266.5832,264.919,266.4605,265.1112,266.2827,266.363,267.5625,259.209,262.0465,266.9695,267.8735,NaN,NaN,263.7552,263.7924,266.6349
Q4,thin swallow,3,269.308,269.528,270.799,270.7835,274.2835,272.473,273.4777,273.1687,273.8417,273.7354,274.6815,266.6562,270.0385,274.0545,275.6705,NaN,NaN,271.3345,271.3759,273.5064
Q4,thin swallow,4,277.445,277.895,279.305,279.0062,282.5745,280.8015,282.3165,281.2297,282.3235,282.379,283.4085,277.0132,278.2457,282.4705,284.153,NaN,NaN,279.4715,279.5844,282.7764
Q4,thin swallow,5,285.0165,285.0165,286.5165,286.3443,288.9765,288.0495,288.8552,287.7537,289.0238,288.938,289.5945,282.8137,285.6267,289.0665,290.382,NaN,NaN,286.6665,286.9789,288.5659
Q4,thin swallow,6,291.801,292.411,293.8965,293.5385,295.8415,295.4735,295.914,295.2615,295.98,296.0315,297.099,NaN,NaN,NaN,NaN,NaN,NaN,293.963,294.5424,295.6784
Q4,thin swallow,7,520.836,521.086,522.864,522.9455,525.1055,524.2295,524.9355,523.998,525.199,525.2145,525.9325,520.4092,522.0707,525.284,526.8245,NaN,NaN,523.1959,523.5594,524.9739
Q4,thin swallow,8,526.382,526.812,528.392,528.6125,531.739,529.7485,531.59,529.6983,531.3255,531.42,532.76,526.4215,527.666,531.571,532.7555,NaN,NaN,528.8803,529.0679,531.4809
Q4,VR thin swallow,9,541.6325,542.6225,544.3625,543.5795,547.688,546.6845,546.9735,546.0225,547.2165,547.262,548.1655,NaN,NaN,547.7985,548.9535,NaN,NaN,544.44,544.7709,546.9074
Q4,VR thin swallow,10,554.9755,555.8055,557.396,556.9555,559.7084,559.2615,559.4613,558.689,559.7135,559.7255,560.733,NaN,NaN,560.028,561.603,NaN,NaN,557.5715,558.0294,559.7769
Q4,thin swallow,11,561.2285,561.8185,563.5635,563.517,565.9026,564.8878,565.6973,564.6645,566.076,566.1058,566.607,560.8442,562.7117,566.335,567.4775,NaN,NaN,563.495,563.7014,565.7789
Q4,VR thin swallow,12,578.3065,579.0965,580.7105,580.3893,582.6583,581.9617,582.5323,581.9217,582.4073,583.02,583.705,578.455,579.6373,584.5807,584.9047,NaN,NaN,581.045,581.2454,582.5604
Q4,VR thin swallow,13,583.8905,585.5405,586.7605,586.5005,588.782,588.3648,588.3649,587.923,588.711,588.759,589.7365,584.5948,585.2118,590.2685,590.3095,NaN,NaN,587.0121,586.3034,588.5799
Q4,thick swallow,1,461.6985,462.1885,463.656,463.614,465.7235,465.8203,465.8204,464.974,466.4,466.5325,467.238,460.2287,462.372,466.5415,468.167,NaN,NaN,463.7656,464.3994,466.1914
Q4,VR thick swallow,2,491.266,492.44,495.15,493.729,497.729,497.9928,498.5253,497.255,498.9035,498.945,499.4775,488.8652,491.2422,499.002,500.459,NaN,NaN,495.2463,495.3559,498.7489
Q4,thick swallow,3,509.604,510.344,511.775,511.368,514.5295,513.7228,513.9278,512.649,514.2175,514.2352,514.88,507.5477,509.5217,514.3155,515.8425,NaN,NaN,511.7422,512.1224,514.1982
Q4,thick swallow,4,515.2045,515.9845,517.7555,517.604,520.8956,519.195,519.7455,519.195,519.9905,520.1885,520.8155,514.8582,516.5392,520.224,521.787,NaN,NaN,517.8275,518.3994,519.8944
Q4,thick swallow,5,533.125,533.995,535.5565,535.216,537.522,537.5902,537.5903,536.2305,537.738,537.799,538.751,529.3618,533.1488,537.8345,538.745,NaN,NaN,535.73,535.9379,537.7459
Q10,bite,1,210.472,210.882,212.6395,212.1697,214.0077,NaN,NaN,213.8167,214.2251,214.209,214.9775,208.7957,209.4297,214.2265,214.2265,212.2575,212.4435,212.664,212.6505,213.8447
Q10,bite,2,214.8585,215.7685,217.3185,216.74,217.8863,218.215,218.2151,218.3318,218.8518,218.668,219.2485,NaN,NaN,218.861,219.5385,216.142,217.143,217.2561,217.315,218.0869
Q10,bite,3,220.1715,220.5715,222.2055,221.5155,222.9445,NaN,NaN,223.1548,223.58179,223.514,224.2445,218.4925,219.5385,223.5305,224.4995,220.92,221.934,222.21,222.1845,223.202
Q10,bite,4,226.706,226.706,229.3735,228.2943,229.8297,230.798,230.7981,230.7792,230.7987,230.7535,231.5085,223.6847,224.4872,231.412,231.7145,228.869,229.331,229.46,229.314,230.6044
Q10,bite,5,233.097,233.097,234.837,234.1625,235.522,NaN,NaN,235.9212,236.2317,236.2475,236.71,231.1702,231.7052,236.4405,236.4405,233.262,234.808,234.95,234.8175,236.0613
Q10,bite,6,237.992,238.542,240.182,239.6807,241.0565,NaN,NaN,241.1468,241.6317,241.593,242.217,NaN,NaN,241.6325,242.5105,239.056,239.928,240.213,240.0775,241.1705
Q10,bite,7,281.962,281.962,283.462,282.946,284.4109,NaN,NaN,284.6235,285.064,285.2523,285.7015,280.4425,281.867,285.355,285.4955,282.1735,283.551,284.224,283.3315,285.1089
Q10,bite,8,331.0825,331.4825,333.524,331.9627,334.2929,335.0365,335.0366,334.1547,334.8192,335.1138,335.7345,329.6055,331.513,NaN,NaN,332.9395,333.2315,333.5464,332.984,334.9289
Q10,bite,9,337.25,337.25,338.981,338.5646,339.7485,NaN,NaN,340.0286,340.1821,340.273,340.9215,NaN,NaN,340.4655,340.4655,337.5775,338.7135,338.9977,338.938,340.1309
Q10,bite,10,340.9975,341.5775,342.9405,342.421,343.8445,NaN,NaN,343.8782,344.0688,344.1418,344.787,NaN,NaN,NaN,NaN,341.865,342.791,342.967,342.992,343.7215
Q10,bite,11,345.1535,346.1935,347.4485,346.992,348.1279,NaN,NaN,348.3357,348.8077,348.8071,349.156,NaN,NaN,348.9975,348.9975,346.2435,347.187,347.3965,347.279,348.4524
Q10,bite,12,350.413,350.773,352.315,351.687,353.13,NaN,NaN,353.173,353.526,353.524,353.9735,348.8005,348.9975,353.7905,354.0465,350.817,351.982,352.4028,352.0675,353.495
Q10,bite,13,354.7385,354.762,356.676,356.0745,357.432,NaN,NaN,357.552,357.6108,357.8652,358.229,353.2425,354.0465,357.9665,358.6315,355.2295,356.4155,356.7972,356.67,357.324
Q10,bite,14,359.0454,359.357,361.036,360.6895,361.6888,NaN,NaN,NaN,NaN,362.4565,362.8,357.9665,358.6372,362.525,363.341,359.5345,360.74,361.0408,360.3407,361.8019
Q10,bite,15,364.255,364.755,366.351,365.942,366.7395,NaN,NaN,367.3657,367.6248,367.6598,368.3315,NaN,NaN,367.943,367.943,364.909,365.9645,366.3375,366.2235,366.629
Q10,bite,16,308.4045,308.6945,310.3815,309.7315,311.1125,311.9715,311.9715,311.021,311.956,312.1435,312.5675,NaN,NaN,312.1545,313.06,308.854,310.641,310.8265,310.2984,311.9979
Q10,bite,17,314.7615,314.7615,316.2615,315.7736,316.3241,NaN,NaN,317.791,318.3535,318.302,318.6295,312.126,313.06,318.365,319.5445,314.971,316.3135,316.8263,316.2449,317.6854
Q10,bite,18,332.746,333.156,334.876,334.372,335.731,336.493,336.493,335.8505,337.2305,336.945,337.5265,NaN,NaN,337.2325,338.414,333.4165,334.8558,335.611,334.8145,335.7647
Q10,bite,19,769.0265,769.0265,771.0065,770.4385,771.891,773.1975,773.1976,771.7713,772.6658,773.0975,773.381,767.319,768.972,773.4905,774.326,769.848,770.6945,771.0245,771.201,771.6985
Q10,bite,20,775.1345,775.1345,777.1145,776.9755,777.5675,779.166,779.1661,778.7197,779.6438,780.1277,780.722,773.4877,775.5757,780.254,781.5465,776.349,776.349,777.216,777.206,778.589
Q10,bite,21,860.0935,860.0935,862.2235,861.6734,862.7084,864.6455,864.6456,863.338,865.102,865.1115,865.8105,858.9261,860.3241,NaN,NaN,860.9155,861.98,862.3305,862.3237,863.5464
Q10,weak bite,1,117.3295,117.775,119.708,119.005,122.4197,NaN,NaN,NaN,NaN,122.6948,123.246,NaN,NaN,123.323,123.7525,118.115,120.016,120.3665,119.3395,120.5175
Q10,weak bite,2,124.6885,125.2105,128.178,127.056,128.217,NaN,NaN,NaN,NaN,130.7414,131.3515,123.3252,124.7767,130.894,131.851,125.2815,128.8455,127.9255,127.991,128.805
Q10,weak bite,3,135.025,135.2145,136.755,136.317,137.576,NaN,NaN,NaN,NaN,139.643,140.2505,NaN,NaN,140.1245,141.0865,135.276,136.3975,137.2232,136.729,138.064
Q10,thin swallow,1,293.359,293.569,294.556,294.3145,295.4612,NaN,NaN,295.5712,295.5712,296.1849,296.5713,292.5652,294.184,296.4015,297.2975,NaN,NaN,294.6392,294.545,296.0345
Q10,thin swallow,2,297.092,297.732,298.1375,298.135,299.345,NaN,NaN,NaN,NaN,299.637,300.499,296.7195,297.8785,300.6915,301.483,NaN,NaN,298.2065,298.5575,299.6545
Q10,thin swallow,3,301.087,301.087,301.7345,301.6765,303.7735,302.7075,303.652,302.9059,303.7199,303.8623,305.4142,300.6922,301.6175,305.2985,306.018,NaN,NaN,301.7925,301.713,302.6045
Q10,VR thin swallow,4,313.2005,313.7505,315.503,314.997,317.1032,316.9175,316.9176,316.4205,317.1095,317.3055,317.8595,311.9875,312.584,318.7605,318.7605,314.02,315.064,315.497,315.5065,316.8095
Q10,VR thin swallow,5,317.7735,318.112,320.04,319.5105,324.528,322.7285,324.6485,321.176,324.419,324.8645,325.468,NaN,NaN,324.9525,326.346,NaN,NaN,320.3927,320.0219,320.6354
Q10,VR thin swallow,6,326.372,326.862,328.331,327.7915,330.5695,NaN,NaN,329.1127,330.1147,330.0515,331.0265,324.711,326.3462,330.11,331.513,327.02,328.076,328.9439,328.201,329.2637
Q10,VR thin swallow,7,250.506,250.906,252.5925,251.2833,255.0985,254.0175,254.4915,253.2078,254.6242,254.7705,255.344,NaN,NaN,254.953,256.315,251.626,252.434,252.6967,252.306,253.0255
Q10,VR thin swallow,8,258.2255,259.2755,260.675,260.151,263.8055,263.029,263.637,262.1178,263.8943,263.9735,264.5105,255.6335,256.674,264.0845,265.392,259.6667,261.072,261.3246,260.6459,261.2379
Q10,VR thin swallow,9,265.99,265.99,267.8305,267.1555,269.4597,NaN,NaN,269.3252,269.9342,270.204,270.8155,264.265,265.8635,270.6795,271.6925,267.168,267.8665,268.6095,267.7899,268.9744
Q10,thin swallow,10,271.2275,271.5275,272.0775,271.9945,274.6797,273.323,273.869,273.4852,274.5667,274.803,275.5005,270.777,271.984,274.8585,276.4505,NaN,NaN,272.1323,272.0879,273.1219
Q10,thin swallow,11,275.99,275.99,276.517,276.5145,278.8632,277.7175,278.876,278.3542,279.0467,279.078,279.9155,274.8585,276.4505,279.7835,280.734,276.6075,276.6076,276.791,276.5754,277.4401
Q10,thin swallow,12,280.473,280.473,281.1015,281.0445,283.9402,281.9355,283.4665,281.9235,283.243,283.9966,284.637,279.7855,280.958,284.073,285.527,NaN,NaN,281.2315,281.0659,281.9684
Q10,VR thin swallow,13,286.2005,286.2005,288.217,287.6227,289.5297,289.3215,289.3216,288.4248,289.8452,289.6305,290.313,NaN,NaN,289.641,291.083,287.6785,288.049,288.1552,288.1905,289.335
Q10,rejection,1,448.371,448.611,450.6545,447.2325,450.3245,452.2135,454.288,451.852,454.5815,454.314,454.7015,NaN,NaN,454.318,455.018,449.7225,449.7225,450.9955,449.4855,452.4855
Q10,rejection,2,457.161,457.3505,460.522,453.3425,459.3048,462.2816,465.4,462.017,456.336,464.813,465.946,NaN,NaN,465.0105,466.1915,457.2375,458.9435,460.9692,457.854,462.754
Q10,rejection,3,468.7925,468.918,472.0475,466.1645,471.3621,473.6385,475.135,473.6722,474.9783,475.0168,475.6275,NaN,NaN,475.0855,476.5205,469.208,471.074,472.3935,469.7244,474.2934
Q10,rejection,4,416.997,417.075,420.049,416.0765,418.7765,421.719,424.002,421.4878,422.2723,422.2013,422.6153,NaN,NaN,422.5245,423.5665,418.01,418.6665,420.4035,418.566,421.7962
Q10,rejection,5,427.4135,427.4135,430.332,423.225,429.584,432.3459,434.927,432.1262,434.3703,434.5242,435.845,NaN,NaN,435.417,435.4172,427.5717,429.272,430.9311,429.0255,434.8195
Q10,rejection,6,438.5629,438.6395,442.5395,435.74,441.049,444.3995,447.884,443.9158,447.5628,447.7675,448.564,NaN,NaN,447.8425,448.318,438.5683,440.675,443.0657,440.7555,444.671
Q10,rejection,7,451.8535,451.9695,455.8395,448.8565,454.0279,457.5435,463.711,457.2442,463.6357,463.817,464.6275,NaN,NaN,464.403,465.6145,452.267,454.0025,456.3953,453.973,457.88
Q10,rejection,8,349.088,349.088,353.094,348.06,351.727,354.9775,355.7245,354.747,356.0595,355.7637,357.3075,NaN,NaN,355.893,356.5415,350,351.772,353.7005,351.2069,355.0394
Q10,rejection,9,359.9995,360.365,364.195,356.5255,363.1765,366.511,366.5111,366.1787,367.8542,367.5842,370.3137,NaN,NaN,368.5625,369.793,358.6232,362.0812,364.944,361.8254,366.6719
Q10,rejection,10,373.527,373.5585,379.9685,370.4887,379.5402,381.9865,382.921,381.1748,383.0157,383.15,384.0135,NaN,NaN,383.5365,384.448,374.7085,376.7493,380.491,376.5625,381.8075
Q10,rejection,11,426.9715,426.9715,429.6715,426.4418,430.3083,429.98,432.6275,430.4114,431.2379,431.5029,432.9989,NaN,NaN,432.0615,433.4925,428.5995,428.964,429.6813,429.6764,431.4595
Q10,rejection,12,179.0135,179.0135,181.729,178.2185,181.439,183.81,184.7085,184.2047,184.4612,184.886,185.354,178.0402,178.44,184.9075,186.3235,179.858,181.7142,182.31,179.9235,183.8425
Q10,rejection,13,216.1155,216.1155,218.533,215.609,218.344,220.1985,220.597,219.5477,220.5787,220.815,221.4475,NaN,NaN,220.939,222.389,217.16,218.189,218.9096,218.0639,220.3824
Q10,rejection,14,148.7355,148.9355,151.2155,147.642,150.8937,153.0495,153.754,152.6582,153.7912,153.928,154.683,146.5917,147.7727,154.0355,155.5925,149.566,150.6808,151.7725,150.4895,153.665
Q10,rejection,15,169.2225,169.4525,174.27,167.598,174.3195,175.9525,178.5415,175.4342,176.9958,177.0525,177.3982,167.3091,168.0786,178.0375,178.0375,169.814,170.9957,175.078,170.7105,176.758
Q10,rejection,16,805.542,805.802,809.124,804.1875,808.6783,810.945,811.792,810.121,811.817,813.2815,814.087,NaN,NaN,813.4455,814.2755,806.5305,807.854,809.4952,806.7439,811.5329
Q10,rejection,17,817.4375,817.4375,820.9475,813.7074,820.7345,823.839,827.0525,822.9383,827.1863,827.0798,828.0603,NaN,NaN,NaN,NaN,816.9288,819.4895,821.7238,817.934,824.183
Q10,rejection,18,830.631,830.801,835.138,827.8667,833.3965,837.857,838.4235,836.5295,838.557,838.7855,839.4065,NaN,NaN,839.887,839.887,829.5623,833.2845,835.655,831.8285,838.1825
Q10,rejection,19,320.5515,320.5515,324.65,321.2605,324.6855,326.5075,326.872,325.8558,326.9088,326.7008,327.5443,318.8857,319.7857,326.903,327.791,323.8195,324.4443,325.2495,324.3065,326.6275
Q10,rejection,20,550.87,551.11,553.6,551.2235,552.6315,554.901,554.9011,554.7248,555.6783,555.593,556.226,549.9855,551.207,NaN,NaN,552.4,552.4001,553.9445,552.1469,555.141
Q19,bite,1,25.13,25.13,27.2605,26.3092,27.541,NaN,NaN,27.4645,27.738,28.2565,29.3328,NaN,NaN,28.6,28.6,25.7345,26.9365,27.3717,25.9484,27.4599
Q19,bite,2,33.574,33.434,35.1912,34.5025,35.86,NaN,NaN,35.4145,36.6305,36.5635,36.842,NaN,NaN,35.4117,35.5867,33.7673,34.9522,35.241,34.1874,34.9874
Q19,bite,3,93.7645,94.298,95.397,95.025,96.3643,NaN,NaN,96.4775,96.666,96.84,97.09,NaN,NaN,97.3,97.3,94.2075,95.0335,95.5935,95.0799,96.3659
Q19,bite,4,100.924,100.924,102.3615,101.8975,102.887,NaN,NaN,103.2625,103.669,103.6825,103.754,NaN,NaN,103.787,103.9,101.265,102.1725,102.3594,102.1599,102.9709
Q19,bite,5,104.446,104.446,106.368,105.6075,106.8768,NaN,NaN,106.38,107.3775,107.542,107.877,NaN,NaN,107.6265,107.8275,104.6965,105.818,106.2755,106.3107,106.7963
Q19,bite,6,109.1295,109.1625,110.792,110.111,111.274,NaN,NaN,111.3415,111.847,112.0526,112.742,NaN,NaN,NaN,NaN,109.6855,110.3585,110.7402,110.7325,111.4395
Q19,bite,7,122.099,122.1535,123.3635,123.159,124.2285,NaN,NaN,123.6382,124.8459,124.8538,125.152,NaN,NaN,124.9215,125.924,122.3355,123.3695,123.5905,123.6685,124.334
Q19,bite,8,134.28,134.308,135.9595,135.3055,136.8225,NaN,NaN,135.9282,137.0795,137.201,137.5145,NaN,NaN,NaN,NaN,135.12,135.6295,135.8334,135.8134,136.9274
Q19,bite,9,144.595,144.595,146.1635,145.5955,147.0195,NaN,NaN,146.3885,147.553,147.6613,147.864,NaN,NaN,147.6895,147.7695,144.6925,146.039,146.3225,146.2809,147.4824
Q19,bite,10,148.86,148.9595,150.914,150.282,151.5365,NaN,NaN,150.9185,151.9975,152.1163,152.4235,NaN,NaN,152.239,152.239,149.178,150.5935,150.8096,150.696,151.559
Q19,bite,11,153.2965,153.6165,155.4413,154.8365,156.1885,NaN,NaN,155.6065,156.656,156.9056,157.1195,NaN,NaN,157.0285,157.0285,153.983,155.11,155.492,155.588,156.262
Q19,bite,12,159.0435,159.0435,160.778,160.2057,161.459,NaN,NaN,160.8115,161.8425,161.9675,162.4185,NaN,NaN,161.977,162.4025,159.525,160.4855,160.7782,160.7267,161.4545
Q19,bite,13,167.373,168.003,169.7895,169.3535,170.657,NaN,NaN,169.9482,171.1312,171.3597,171.7025,NaN,NaN,NaN,NaN,168.7855,169.574,169.9265,169.9349,171.1514
Q19,bite,14,178.398,178.398,180.272,179.681,183.591,180.513,183.163,180.5845,183.36,183.3945,183.8015,NaN,NaN,183.441,183.9795,179.0892,180.4192,180.3891,180.3315,183.2725
Q19,bite,15,238.755,238.755,240.3395,239.9419,240.955,NaN,NaN,240.4095,241.2985,241.598,241.7545,NaN,NaN,241.6115,241.6115,239.7365,240.091,240.3645,240.43,240.8955
Q19,bite,16,242.053,242.053,244.002,243.4658,244.625,NaN,NaN,244.0925,244.8735,245.189,245.5805,NaN,NaN,245.228,245.295,243.274,243.523,243.9589,243.9775,244.626
Q19,bite,17,250,250.11,251.879,250.949,252.373,NaN,NaN,251.894,252.8545,253.0035,253.443,NaN,NaN,253.0395,253.098,250.6877,251.3038,251.804,251.8415,252.593
Q19,bite,18,268.3765,269.0355,271.071,270.1885,271.587,NaN,NaN,271.0925,272.182,272.2075,272.602,NaN,NaN,272.2365,272.4915,269.872,270.865,271.0792,270.686,271.6785
Q19,bite,19,273.551,273.551,275.079,274.6735,275.894,NaN,NaN,275.2287,276.192,276.5185,276.767,NaN,NaN,NaN,NaN,274.385,274.9345,275.22,275.2343,275.8659
Q19,bite,20,282.1935,282.1935,283.947,283.1925,284.5375,NaN,NaN,283.9199,284.9474,285.3095,285.354,NaN,NaN,NaN,NaN,282.3285,283.782,283.8605,283.8375,284.6814
Q19,bite,21,311.8795,311.8795,314.0735,313.1985,314.651,314.9315,314.9316,314.1248,315.0345,315.0755,315.3495,NaN,NaN,315.1275,315.264,312.5727,313.1853,313.7238,314.0044,314.637
Q19,bite,22,315.6825,316.0525,317.731,317.1895,318.484,NaN,NaN,317.8738,318.965,319.085,319.5345,NaN,NaN,319.1105,319.1105,316.4785,317.561,317.7975,317.8195,318.5775
Q19,bite,23,325.6515,325.6515,327.2195,326.529,328.0302,NaN,NaN,327.375,328.318,328.3465,328.4027,NaN,NaN,328.4175,329.2825,325.978,327.215,327.0755,326.936,328.0175
Q19,bite,24,329.859,329.7695,332.0103,331.2342,332.8739,NaN,NaN,332.189,333.341,333.352,333.831,328.901,329.51,333.368,333.368,331.525,332.1275,331.801,332.0815,332.9625
Q19,bite,25,438.873,438.955,441.9475,440.5853,442.556,NaN,NaN,442.0655,443.219,443.2889,443.7359,NaN,NaN,443.3775,443.572,439.478,440.4505,441.015,441.9,443.413
Q19,bite,26,446.4055,446.9855,448.5355,448.18,449.4945,NaN,NaN,448.9525,450.0205,450.084,450.326,NaN,NaN,450.151,450.437,447.4295,448.516,448.7325,448.372,449.6955
Q19,bite,27,451.738,451.809,454.099,453.3875,454.718,NaN,NaN,454.1065,454.8045,455.278,455.545,450.1542,450.4367,455.3175,455.6675,453.043,453.8285,453.495,454.0504,454.972
Q19,bite,28,464.85,464.9435,467.114,466.58,467.781,467.6715,467.6716,467.0193,468.334,468.419,468.6545,NaN,NaN,468.4595,468.4595,466.2803,467.0178,466.281,467.2324,467.8469
Q19,bite,29,632.248,632.278,634.8225,634.1369,635.5355,NaN,NaN,634.973,636.082,636.1815,636.6635,NaN,NaN,636.4485,636.7205,633.9148,635.0658,635.4105,634.879,635.586
Q19,bite,30,639.54,639.6855,641.416,640.5175,642.1587,642.587,642.5871,641.583,642.5893,642.793,643.449,NaN,NaN,642.9225,643.2975,640.6483,641.6298,641.9844,641.3845,642.6485
Q19,bite,31,650.526,651.1445,652.916,652.3542,654.1122,NaN,NaN,653.152,654.098,654.3765,654.6365,NaN,NaN,654.393,655.557,652.0105,652.6835,653.0215,653.019,654.171
Q19,weak bite 1,32,656,656,656.8425,656.603,658.103,NaN,NaN,657.8275,658.2155,658.5165,658.6105,NaN,NaN,658.7975,659.501,NaN,NaN,656.7992,656.9879,658.1204
Q19,bite,33,670.806,670.806,673.0977,672.537,673.8005,NaN,NaN,673.2115,674.43,674.4445,674.858,NaN,NaN,674.5885,674.7305,671.5383,672.7503,673.0785,671.4065,674.1035
Q19,bite,34,682.1205,682.1205,684.5735,683.506,685.463,NaN,NaN,684.899,685.9365,686.073,686.6565,NaN,NaN,NaN,NaN,683.897,684.845,684.9036,684.7195,685.7165
Q19,bite,35,689.083,689.083,691.1355,690.3665,692.1003,692.0405,692.0406,691.2858,692.2853,692.3934,692.7559,NaN,NaN,692.4035,693.535,689.8618,691.0853,691.1333,691.0825,692.3605
Q19,bite,36,703.4065,703.755,705.662,704.8784,706.239,706.3085,706.3086,706.1128,706.8758,706.8745,707.33,NaN,NaN,707.0005,707.199,704.0893,705.5418,705.253,705.4775,706.398
Q19,bite,37,714.9596,715.1035,716.8785,716.1495,717.6115,718.1075,718.1076,716.9958,718.0303,718.151,718.558,NaN,NaN,718.18,718.389,715.7588,716.0948,716.8083,716.2705,717.9465
Q19,bite,38,21.5925,21.7225,24.4725,23.4195,25.3375,25.837,26.143,25.084,26.1625,26.4845,27.252,NaN,NaN,26.5145,27.9895,22.8423,24.2292,24.5162,24.4805,26.4285
Q19,bite,39,40.465,40.595,42.784,41.812,43.523,NaN,NaN,43.0065,44.279,44.4155,45.017,NaN,NaN,44.447,45.0015,41.504,42.3875,42.7917,42.875,43.706
Q19,bite,40,157.367,157.667,160.202,159.1685,161.969,NaN,NaN,161.0065,162.193,162.094,162.462,NaN,NaN,162.113,162.7595,158.3622,159.8958,160.2105,160.287,161.982
Q19,weak bite 2,41,40.0105,40.0105,41.388,40.8325,42.7455,NaN,NaN,41.48,42.809,42.901,43.1925,NaN,NaN,42.937,43.137,NaN,NaN,41.321,41.371,41.9461
Q19,bite,42,175.3405,175.3405,178.6995,177.0098,179.1294,179.655,179.6551,179.2115,179.6335,179.7977,180.253,NaN,NaN,180.117,180.742,175.4957,177.0667,178.3825,178.2855,179.1351
Q19,bite,43,184.2305,184.39,186.6575,185.8009,187.2845,186.6855,186.6856,186.563,187.5935,187.905,188.2215,NaN,NaN,187.908,188.025,185.3463,185.8782,186.565,186.633,187.141
Q19,bite,44,243.0895,243.3695,245.354,244.856,245.946,NaN,NaN,245.4265,246.334,246.657,246.9235,NaN,NaN,246.6765,246.778,244.041,245.026,244.625,245.3884,246.1295
Q19,bite,45,400.4845,400.513,403.488,402.7375,404.1305,404.4765,405.379,404.2835,405.5495,405.6352,406.0435,NaN,NaN,405.6925,405.6925,402.0512,403.1702,403.4797,403.5539,403.9551
Q19,VR thin swallow,1,61.2545,61.5255,63.272,62.1485,64.6645,NaN,NaN,63.6375,64.526,64.6865,65.095,60.3617,61.8617,64.818,66.0415,62.297,62.642,63.0285,63.1129,64.5449
Q19,thin swallow,2,65.1345,65.293,66.576,66.3925,69.529,68.9835,69.7675,66.79,69.1605,69.2494,69.945,64.9835,66.2965,69.309,70.7295,NaN,NaN,66.5857,66.6649,69.4495
Q19,thin swallow,3,69.9215,70.2965,71.0405,70.82,73.4785,NaN,NaN,71.2885,73.7435,73.9245,74.0805,69.8835,70.7295,73.953,74.478,NaN,NaN,71.038,71.0175,73.246
Q19,VR thin swallow,4,198.282,198.403,199.358,199.042,202.4015,NaN,NaN,199.56,202.3695,202.4025,202.7295,197.4235,198.7627,202.474,203.494,NaN,NaN,199.1835,199.466,202.2415
Q19,thin swallow,5,203.0025,203.0025,204.168,203.685,206.7775,NaN,NaN,204.2455,206.6125,206.6985,207.4615,202.4742,203.5027,206.703,208.0435,NaN,NaN,204.097,203.524,206.792
Q19,VR thin swallow,6,211.099,211.099,212.406,211.8575,213.5792,213.694,213.6941,212.5505,213.7245,213.8095,214.2995,210.5542,211.4112,213.813,215.176,212.002,212.2128,212.4247,212.4709,213.5445
Q19,thin swallow,7,594.6175,594.6175,595.441,595.2085,598.194,596.399,597.9165,596.006,598.345,598.4515,598.605,593.9173,595.027,598.5035,599.505,NaN,NaN,595.4333,595.181,598.284
Q19,VR thin swallow,8,598.812,599.302,600.2325,599.711,602.2408,601.674,602.4525,600.2765,602.323,602.3865,602.808,598.4853,599.5023,602.5705,603.5135,NaN,NaN,600.1238,600.1715,602.2185
Q19,thin swallow,9,603.0475,603.0475,603.9135,603.7445,605.609,604.981,605.663,604.5825,605.587,605.7108,606.207,602.5668,603.5198,605.761,606.6975,NaN,NaN,603.8782,603.9589,605.484
Q19,thin swallow,10,606.267,606.504,607.759,607.2395,609.477,608.636,609.6435,608,609.206,609.2315,609.7805,605.9863,606.6958,609.413,610.4665,NaN,NaN,608.2233,607.6689,608.999
Q19,thin swallow,11,610.055,610.055,610.8185,610.6795,612.4085,611.8825,612.3845,611.2588,611.9658,612.1123,613.2138,609.8035,610.4665,612.1275,614.0715,NaN,NaN,610.8954,610.6895,612.391
Q19,thin swallow,12,613.801,613.831,614.9183,614.3075,616.0415,615.9635,616.1625,615.2195,616.36,616.3775,616.905,613.1755,614.0693,616.436,617.1275,NaN,NaN,614.9393,614.9841,616.286
Q19,thin swallow,13,831.7665,832.3295,832.8695,832.6425,835.913,834.0785,835.817,833.4385,835.934,835.942,836.4115,831.5877,832.397,836.0275,837.38,NaN,NaN,832.9413,832.9994,836.0325
Q19,thin swallow,14,836.7475,836.7475,837.826,837.578,840.1095,839.052,839.6215,838.624,839.775,839.8268,840.4245,836.0767,837.38,839.849,841.2755,NaN,NaN,837.9363,838.2245,839.683
Q19,thin swallow,15,840.8085,840.8085,841.71,841.52,844.6285,842.975,844.249,842.5935,844.539,844.632,845.135,840.341,841.2755,844.6575,845.8755,NaN,NaN,841.768,841.8064,844.6205
Q19,thin swallow,16,845.134,845.2695,846.58,846.372,848.2835,847.952,848.4875,847.165,848.3435,848.4645,848.8755,844.7507,845.8755,848.4915,849.8175,NaN,NaN,846.7,846.945,848.37
Q19,thin swallow,17,849.744,849.9985,850.674,850.5087,852.569,851.867,852.2135,851.3685,852.594,852.6205,853.3535,849.0275,850.2845,852.6745,854.2115,NaN,NaN,850.7278,850.7458,852.5575
Q19,thick swallow,1,351.9555,351.9555,353.1515,352.7155,355.4545,354.6352,354.6353,353.8052,355.3553,355.4023,356.0505,351.5247,352.5352,355.434,356.6655,NaN,NaN,353.089,352.502,355.5815
Q19,thick swallow,2,74.8545,74.9595,76.4925,75.9315,79.748,78.2322,78.2323,76.9835,79.568,79.672,80.4635,74.1957,75.7687,79.683,81.4015,NaN,NaN,76.6452,76.6174,79.917
Q19,thick swallow,3,80.488,80.4855,81.722,81.5245,84.4155,83.3783,83.3784,82.1385,84.4145,84.4753,84.9412,79.8257,81.2197,84.5235,85.581,NaN,NaN,81.9059,81.95,84.5515
Q19,thick swallow,4,85.433,85.433,87.647,87.4145,90.987,90.8312,90.8313,88.3725,91.0985,91.1207,91.673,84.6187,86.0797,91.351,92.6585,87.47,87.4001,87.6993,87.748,91.0895
Q19,thick swallow,5,91.896,92.066,93.126,92.7938,95.744,94.041,95.9215,93.734,95.725,95.809,96.4295,91.0518,92.5143,95.857,97.3,NaN,NaN,93.1893,94.4715,95.768
Q19,thick swallow,6,290.3715,290.563,293.8,293.782,296.8895,295.5169,295.517,294.7385,296.51,297.0177,297.5213,289.5676,293.6916,296.9938,298.1588,NaN,NaN,294.099,293.9899,297.028
Q19,thick swallow,7,102.8395,102.8395,103.784,103.487,108.6344,106.2482,106.2483,104.4697,107.6187,108.6532,109.1763,102.5681,103.6756,108.7767,110.1147,103.9833,104.1517,104.3752,104.377,108.8605
Q19,thick swallow,8,151.0675,151.0675,152.222,151.981,154.4155,153.8215,153.8216,152.6845,154.4215,154.472,154.9569,150.5371,151.8116,154.62,155.9455,NaN,NaN,152.3572,152.3625,154.421
Q19,rejection,1,487.442,488.759,489.5495,485.7958,489.0901,490.77,491.3815,490.3648,491.2953,491.5715,491.899,485.6535,486.764,491.667,492.4795,NaN,NaN,490.0178,488.6925,491.045
Q19,rejection,2,501.6745,503.0635,504.86,501.375,504.182,506.4915,508.0755,505.7757,508.0087,507.954,508.6725,NaN,NaN,508.019,509.649,502.77,504.042,505.1937,503.7715,507.8385
Q19,rejection,3,520.1763,521.8935,523.866,517.8338,522.1071,525.311,525.8185,524.6543,526.4543,525.8578,526.8195,NaN,NaN,525.8985,526.8465,520.9913,521.9993,524.4848,521.9895,525.729
Q19,rejection,4,530.8145,531.0045,533.1805,532.3845,533.0665,533.797,535.394,533.624,535.2485,535.4035,535.754,NaN,NaN,535.4135,536.311,532.222,532.7743,533.4918,532.8025,534.5785
Q19,rejection,5,746.1255,746.348,749.056,744.9565,748.0565,750.2905,750.2906,750.3985,752.3495,752.6663,753.1848,NaN,NaN,753.8425,753.8425,747.3883,747.8838,749.2718,746.8405,752.453
Q19,rejection,6,754.683,754.683,757.686,751.5475,756.8074,759.0835,759.0836,758.3445,760.4535,760.539,763.3185,NaN,NaN,760.59,762.8445,755.2883,756.0223,757.8258,755.9359,761.0864
Q19,rejection,7,494.109,494.1515,496.523,492.444,495.625,498.032,498.0321,497.4725,498.611,498.6943,500.9337,NaN,NaN,498.7885,500.586,494.8912,495.5203,497.4673,495.3515,500.251
Q19,rejection,8,272.2745,272.2745,274.961,270.5965,274.7339,277.1259,277.126,276.4357,277.8563,278.2867,278.8343,NaN,NaN,278.409,278.9935,273.4017,274.4817,276.4253,274.218,278.0715
Q19,rejection,9,291.1545,291.0825,293.7785,289.773,293.1204,295.088,296.4095,294.2485,296.0735,296.1152,296.7867,NaN,NaN,296.23,297.578,291.8498,292.9073,294.573,292.286,297.004
Q19,rejection,10,298.039,298.0805,300.9005,296.6005,300.2675,302.365,302.3651,301.5905,302.914,303.3192,305.1182,NaN,NaN,303.3245,305.0605,298.9242,299.5498,301.393,298.3365,304.2785
Q19,rejection,11,306.229,306.9895,310.269,304.2075,309.5075,311.7685,311.7686,310.9335,313.002,313.1538,313.6818,NaN,NaN,313.2055,313.7475,307.7548,309.4433,310.9402,309.162,313.087
Q27,bite,1,77.998,78.558,83.338,82.3329,85.1324,NaN,NaN,84.7865,85.2155,85.3973,85.804,NaN,NaN,86.09175,86.441,79.9556,80.8214,83.4206,83.4163,84.599
Q27,bite,2,86.6065,86.91675,90.31,89.56525,92.201,NaN,NaN,91.6895,92.26025,92.393,92.6035,NaN,NaN,92.7765,93.457,89.0381,89.0382,90.3037,90.4413,90.97525
Q27,bite,3,94.682,94.972,98.24175,96.4012,99.97475,NaN,NaN,99.54525,99.9715,99.99,100.6015,NaN,NaN,NaN,NaN,96.0409,97.7119,98.2937,98.3458,99.5875
Q27,bite,4,102.12,102.3,104.31,103.60575,105.359,NaN,NaN,105.44925,105.793,106.035,106.1765,NaN,NaN,106.4475,106.4477,102.8629,104.1971,104.4899,103.99,104.88925
Q27,bite,5,106.429,107.329,109.879,108.82175,111.0915,NaN,NaN,110.94725,111.3625,111.4745,111.911,106.4475,106.4477,111.971,112.859,107.8204,109.2031,109.6779,109.9415,110.56475
Q27,bite,6,201.3465,201.9265,204.9185,203.27525,206.19875,NaN,NaN,205.8205,206.35575,206.59475,206.99625,199.1709,199.7001,207.01175,207.7305,202.8959,204.0734,205.0352,204.9723,205.897
Q27,bite,7,226.6745,226.6745,232.7645,232.591,234.60475,234.07175,234.48225,233.85425,234.54675,234.6767,235.29125,225.5118,225.7615,234.908,235.27375,231.7456,232.4901,231.7589,232.8325,233.46275
Q27,bite,8,322.146,322.446,325.01,324.02275,326.776,NaN,NaN,325.91675,326.803,326.82,327.50175,NaN,NaN,327.1655,327.9165,323.8676,324.6781,325.00125,325.1235,325.97925
Q27,bite,9,327.13675,328.03675,330.04675,329.4077,331.92375,NaN,NaN,331.0415,332.00625,332.1125,332.55125,327.1663,327.9199,332.28775,332.28775,NaN,NaN,330.1005,330.232,330.9505
Q27,bite,10,341.2195,341.6195,343.9673,342.7845,345.76425,NaN,NaN,344.92625,345.925,345.9705,346.919,NaN,NaN,346.56875,346.56875,342.26525,343.373,344.0201,344.1268,344.8715
Q27,bite,11,348.099,348.399,351.0182,349.669,352.464,NaN,NaN,351.978,352.86225,352.87925,353.33175,NaN,NaN,353.4675,354.189,350.04775,350.334,351.0475,351.0985,351.962
Q27,bite,12,356.207,356.457,358.4265,357.26625,360.219,NaN,NaN,359.42325,360.19525,360.3429,360.74425,353.4671,356.6403,360.39575,360.39575,357.54975,357.54975,358.4935,358.5565,359.4485
Q27,bite,13,364.29775,364.29775,366.60775,365.152,368.3305,NaN,NaN,367.626,368.1495,368.30075,368.7375,362.3826,364.021,368.806,368.806,365.13025,365.6145,366.595,366.6758,367.63275
Q27,bite,14,371.453,371.89075,373.86075,372.63875,375.37375,NaN,NaN,374.9185,375.36225,375.5705,375.94125,370.8697,371.7892,375.88675,375.88675,373.025,373.43975,373.9718,373.9443,374.9783
Q27,bite,15,498.35175,499.35175,502.18675,499.5332,504.001,NaN,NaN,502.94275,504.0205,504.1443,504.7385,496.3714,497.1774,504.56775,504.56775,501.36175,501.36175,502.1698,502.2148,502.9905
Q27,bite,16,516.2525,516.5725,518.95375,517.46575,520.3737,NaN,NaN,519.877,520.741,520.753,521.53575,NaN,NaN,521.56925,521.56925,517.869,518.04425,518.9509,519.0493,520.06475
Q27,bite,17,820.468,820.698,823.828,822.79275,825.3125,825.0785,825.0786,824.39025,825.21075,825.4173,825.97925,NaN,NaN,825.49775,825.58625,NaN,NaN,823.7925,823.81725,824.07
Q27,bite,18,833.8105,834.22975,837.16975,836.19825,838.82525,NaN,NaN,838.02,838.786,838.9042,839.5045,NaN,NaN,839.05575,839.696,834.84425,836.36125,837.2252,837.26625,838.1555
Q27,bite,19,840.5805,842.9705,845.4615,844.09,847.11025,NaN,NaN,846.27925,847.21725,847.2403,847.81175,NaN,NaN,847.84525,847.84525,843.513,843.513,845.5046,845.5165,846.69325
Q27,weak bite,1,195.49975,195.49975,197.2278,197.0435,199.015,198.4575,198.9715,198.05425,198.9885,199.1244,199.6595,194.8781,195.9596,199.463,199.6985,NaN,NaN,197.2346,197.2673,198.06925
Q27,weak bite,2,186.2715,186.95,189.1515,188.3765,191.00825,190.43575,190.8695,190.32375,191.024,191.0875,191.41725,186.2445,187.4103,191.25425,191.74625,NaN,NaN,189.2366,188.9745,190.234
Q27,thin swallow,1,137.073,137.993,139.263,138.66075,141.567,140.39225,141.39925,140.3275,141.41225,141.61675,142.1965,137.1636,138.42025,141.7665,142.71425,NaN,NaN,139.3493,139.393,140.08275
Q27,thin swallow,2,142.259,142.669,143.3858,142.92875,145.48125,144.1835,145.42475,144.17125,145.061,145.609,145.98925,141.5239,142.71425,145.94875,146.9295,NaN,NaN,143.5297,143.395,144.10625
Q27,thin swallow,3,146.0825,146.7125,148.14,147.9125,151.12125,148.951,150.928,149.126,151.003,151.0595,151.859,146.12775,147.3175,151.13625,152.731,NaN,NaN,148.2562,148.1248,148.6785
Q27,thin swallow,4,164.416,164.416,165.886,165.67625,168.368,166.556,168.14,166.739,167.1525,168.39925,168.932,163.4505,165.20625,168.4135,169.7495,NaN,NaN,166.0035,165.8393,166.62225
Q27,thin swallow,5,284.118,284.498,285.9377,285.755,288.21925,286.7255,287.5715,286.61225,287.90175,288.435,288.74575,284.16725,285.40025,288.875,289.57625,NaN,NaN,285.9905,285.8833,286.4547
Q27,thin swallow,6,433.2175,433.4975,434.5638,434.47475,437.86,435.227,437.7167,435.108,437.64275,437.8425,438.6255,433.147,433.905,437.89825,439.36225,434.754,434.7541,435.1083,434.5315,435.1075
Q27,thin swallow,7,443.38725,443.55725,444.79875,444.61925,446.47175,445.6075,446.30375,445.43125,446.52225,446.589,447.18875,443.2045,444.1205,446.6125,448.08,NaN,NaN,444.9652,444.842,445.2242
Q27,thin swallow,8,447.439,447.701,449.2135,449.106,450.90175,449.8225,450.40975,449.75125,450.77225,450.91325,451.47025,447.38775,448.37325,451.415,451.798,NaN,NaN,449.3945,449.1808,449.6565
Q27,thin swallow,9,457.1243,457.154,458.691,458.5445,460.5735,459.23,460.45975,459.21475,460.57075,460.61625,461.24025,456.927,458.4725,461.48775,462.1535,NaN,NaN,458.8156,458.644,459.2498
Q27,thin swallow,10,462.304,462.60625,464.6092,464.048,465.87525,464.91075,465.562,464.83625,465.91225,466.0045,466.7265,461.4973,463.89075,NaN,NaN,NaN,NaN,464.561,464.341,464.45725
Q27,thin swallow,11,550.953,551.463,553.115,552.9285,554.88025,554.2047,554.9865,553.8221,555.145,555.15325,555.59075,550.6962,551.1437,555.6905,556.463,NaN,NaN,553.37825,553.1065,553.834
Q27,thin swallow,12,565.3532,565.47125,568.7038,567.7895,570.19525,NaN,NaN,569.2005,570.26425,570.3078,570.81175,563.4987,565.481,570.857,571.36,NaN,NaN,568.782,568.7685,569.3605
Q27,thin swallow,13,573.62225,573.62225,575.21225,574.97325,577.55,576.55075,577.25725,575.8935,577.53025,577.6215,578.36325,573.0685,573.92975,578.00925,578.929,NaN,NaN,575.32475,575.3408,575.996
Q27,thin swallow,14,586.0245,586.1745,587.8245,587.73825,589.6425,588.67625,589.343,588.469,589.69325,589.70325,590.343,585.2508,586.5778,589.84725,591.3085,587.6087,587.6088,588.11375,587.8115,588.53225
Q27,thin swallow,15,602.6965,602.6965,604.2533,604.13075,605.922,604.9515,604.9515,604.801,605.99075,606.0205,606.555,601.8955,603.385,NaN,NaN,NaN,NaN,604.54,604.28625,604.892
Q27,thin swallow,16,742.07575,742.32575,743.7945,743.414,748.9263,745.226,749.7275,744.64525,749.30775,749.7943,750.3053,741.8035,742.8375,749.8195,750.71475,NaN,NaN,743.916,743.90675,744.6195
Q27,thin swallow,17,750.379,750.556,751.676,751.526,753.67,753.08,753.276,752.39775,753.50825,753.52625,753.98775,749.824,750.71475,753.552,754.7935,NaN,NaN,751.793,751.69225,752.468
Q27,thin swallow,18,754.03425,754.18425,755.7927,755.698,758.10375,756.432,758.01675,756.34075,757.943,758.10525,758.599,753.5185,754.7935,758.1115,759.56475,NaN,NaN,755.9686,755.7813,756.2467
Q27,thin swallow,19,759.0925,759.0925,760.5325,760.7295,763.36125,761.3985,763.33425,761.2975,763.23025,763.4346,764.163,758.75475,760.4245,763.6115,765.1365,NaN,NaN,761.11875,760.87,761.2083
Q27,thin swallow,20,771.314,771.314,773.174,772.92275,775.69425,774.40975,775.3595,773.9655,775.591,775.7505,776.25875,771.2035,772.4585,776.0565,777.21125,NaN,NaN,773.4805,773.379,773.7275
Q27,thin swallow,21,777.0325,777.2025,778.789,778.7535,781.70125,779.233,779.233,779.5995,781.71175,781.754,782.34625,776.463,778.5895,782.2205,782.521,NaN,NaN,778.9794,778.8043,779.142
Q27,thin swallow,22,787.11175,787.31175,791.37175,791.5258,794.5975,792.4215,794.41275,792.236,794.41975,794.5478,795.23825,790.3652,791.3305,794.5935,795.616,790.3729,791.3766,791.8339,791.63125,792.23125
Q27,thin swallow,23,803.5188,803.818,805.1112,804.995,807.765,806.06,807.277,805.75875,807.71125,807.746,808.396,NaN,NaN,808.136,808.136,NaN,NaN,805.3125,805.11875,805.832
Q27,thin swallow,24,887.249,887.379,888.85,888.317,892.23225,890.3145,891.93475,889.768,892.0595,892.2047,892.56025,886.56525,887.954,892.36825,893.4665,NaN,NaN,888.9425,888.882,889.7165
Q27,thin swallow,25,893.615,893.615,895.115,895.078,897.373,895.9115,896.9125,895.94775,897.11075,897.23425,897.7825,892.352,894.95225,897.34075,897.34075,NaN,NaN,895.4759,895.1965,895.676
Q27,thin swallow,26,910.99875,911.51875,912.9965,912.935,915.053,913.62775,914.56425,913.795,914.82175,915.1627,915.65275,911.11675,912.70575,915.62175,916.60625,NaN,NaN,913.1424,912.3805,913.62525
Q27,thin swallow,27,134.818,135.068,136.827,136.31225,138.97575,138.54625,138.54625,137.9835,138.7665,138.8472,139.24675,134.8155,136.26775,139.63225,139.63225,NaN,NaN,136.89025,136.70075,138.22775
Q27,thin swallow,28,174.054,174.914,176.561,176.3273,178.44425,177.7033,177.7034,177.31525,178.3444,178.2215,178.85625,173.3274,175.7355,178.2625,178.766,NaN,NaN,176.9535,176.579,177.352
Q27,thick1cm swallow,1,573.078,573.648,574.8335,574.48525,576.48375,576.2895,576.558,575.8665,576.753,576.8685,577.354,572.39325,574.0085,577.4035,578.32,NaN,NaN,574.4507,574.954,575.058
Q27,thick1cm swallow,2,577.9645,577.9645,579.3478,579.0225,583.438,580.4055,583.39625,580.154,583.527,583.558,583.881,577.65875,578.7765,583.698,584.87025,NaN,NaN,579.492,579.432,579.759
Q27,thick1cm swallow,3,596.92575,597.04575,598.36575,598.2575,601.046,599.00625,600.96475,598.91425,601.0111,601.0968,601.6605,594.6583,597.8139,601.32475,602.38325,NaN,NaN,598.52325,598.3745,598.6795
Q27,thick1cm swallow,4,602.9725,603.1925,605.0425,604.8723,608.553,606.398,608.29975,605.65875,607.7765,608.47575,608.97625,601.3224,603.4191,608.6855,609.929,NaN,NaN,605.233,605.2085,605.4995
Q27,thick1cm swallow,5,636.73275,637.23275,638.68275,638.61375,642.153,639.77475,641.9385,639.44275,642.00825,642.0309,642.7851,636.3063,637.0874,642.056,643.65825,NaN,NaN,638.845,638.784,639.08625
Q27,VR thin swallow,1,152.82325,153.04325,154.98325,154.06075,156.5105,156.102,156.5115,155.845,156.76425,156.8904,157.4086,151.3421,153.5025,157.0755,157.537,NaN,NaN,155.4108,155.0195,155.4215
Q27,VR thin swallow,2,157.4985,158.1685,160.6785,160.0175,162.96875,162.11375,162.8285,161.835,162.83375,163.0696,163.64525,157.0776,157.5356,163.34975,164.627,NaN,NaN,160.7879,160.8293,161.98475
Q27,VR thin swallow,3,175.68525,175.86525,177.99525,177.17575,179.8975,179.18925,179.8695,178.9745,179.658,179.98925,180.4595,175.3459,176.10525,180.407,181.053,177.1617,177.5072,178.0882,178.1623,179.00925
Q27,VR thin swallow,4,180.4653,180.909,183.2643,182.21275,185.07925,184.46625,184.82375,184.11175,184.976,185.0427,185.705,180.4101,181.0524,185.14775,186.24575,182.2709,182.271,183.2648,183.3103,184.138
Q27,VR thin swallow,5,273.2375,273.2375,275.0675,274.0425,277.00675,NaN,NaN,276.426,276.9425,277.1585,277.47525,272.4475,273.48875,277.497,278.304,NaN,NaN,275.17725,275.219,275.8759
Q27,VR thin swallow,6,279.064,279.064,280.713,280.20775,283.633,282.126,283.3495,281.6705,283.5905,283.611,283.99825,278.69075,279.62225,284.082,284.98,NaN,NaN,280.81925,280.78775,281.4715
Q27,VR thin swallow,7,308.20375,308.20375,310.19575,309.729,312.08925,311.568,311.568,311.0515,311.9175,312.04375,312.72625,306.9773,308.218,312.37925,312.52625,NaN,NaN,310.246,310.26725,311.17925
Q27,VR thin swallow,8,418.19325,418.64325,421.04975,419.85625,422.55625,NaN,NaN,422.15975,422.94075,423.0145,423.377,418.169,418.80525,423.28575,424.36425,419.9496,420.3844,421.1946,421.20675,421.95725
Q27,VR thin swallow,9,424.41875,424.41875,425.8985,425.4055,428.325,427.098,428.12725,426.79875,428.46225,428.53075,428.641,423.98375,424.94075,428.75225,429.57925,NaN,NaN,425.99375,425.93275,426.69425
Q27,VR thin swallow,10,429.0945,429.4145,430.4445,430.07225,432.753,431.229,432.58925,431.0935,432.63325,432.69225,433.09625,428.8545,429.814,432.85175,433.905,NaN,NaN,430.4685,430.42375,430.79075
Q27,VR thin swallow,11,438.9515,439.3215,441.0215,440.70675,442.56975,NaN,NaN,441.62825,442.334,442.6575,443.29675,438.0763,439.36225,443.1115,444.1205,NaN,NaN,441.106,441.0978,441.3695
Q27,VR thin swallow,12,452.58725,452.83725,454.4695,453.97775,456.2855,455.65625,456.72,455.097,456.23,456.3485,456.89375,451.4153,452.6013,456.8265,457.7675,NaN,NaN,454.56925,454.559,454.7199
Q27,VR thin swallow,13,731.60575,732.00575,734.24575,733.14375,736.281,735.748,736.074,735.25425,735.956,736.1658,736.8723,731.1183,731.98425,736.44425,737.7215,733.2385,734.05,734.3555,734.37475,734.9655
Q27,VR thin swallow,14,736.9375,737.3475,739.2175,738.54225,741.533,740.8355,741.44275,740.1864,741.5448,741.2035,741.922,736.906,737.9465,741.50825,742.8375,NaN,NaN,739.32375,739.388,740.06375
Q27,VR thin swallow,15,809.998,810.708,812.788,812.4165,814.7845,814.4161,814.4162,813.604,814.7725,814.8863,815.5955,808.0856,808.1333,815.0825,816.14025,811.78775,812.0415,812.9556,812.9675,813.59825
Q27,VR thin swallow,16,151.754,152.754,154.544,153.78275,157.427,156.113,156.87725,155.63275,157.3914,157.4905,157.9185,151.25175,153.07475,157.8015,158.7425,NaN,NaN,154.6658,154.61425,155.8115
Q27,VR thin swallow,17,158.187,158.187,161.007,160.0962,162.8665,NaN,NaN,162.17825,162.88925,163.0095,163.6475,157.8015,158.7425,163.6395,164.4335,NaN,NaN,161.05525,160.7525,162.118
Q27,VR thin swallow,18,164.009,164.409,165.989,165.7203,168.225,167.502,168.06775,167.14025,168.1753,168.2103,168.79525,163.6424,164.7124,168.6345,169.144,NaN,NaN,166.0225,166.045,167.30075
Q27,VR thin swallow,19,168.792,169.142,170.052,169.60825,173.3435,170.932,173.13375,170.8775,173.32625,173.37625,174.4165,168.6329,169.144,173.49,174.9255,NaN,NaN,170.2303,170.0963,170.4702
Q27,VR thin swallow,20,181.135,181.135,183.715,182.61425,185.33275,NaN,NaN,184.7561,185.5759,185.6188,186.16875,NaN,NaN,185.91225,186.76875,NaN,NaN,183.7495,183.7195,184.6845
Q27,rejection,1,1015.0695,1015.0695,1018.3443,1015.776,1016.9045,NaN,NaN,1020.4165,1020.4166,1020.4537,1021.8695,NaN,NaN,NaN,NaN,NaN,NaN,1018.653,1015.8443,1021.3095
Q27,rejection,2,1024.4875,1024.8075,1031.1435,1025.3235,1030.8928,NaN,NaN,NaN,NaN,1033.1312,1034.6368,NaN,NaN,NaN,NaN,NaN,NaN,1031.3563,1027.0017,1033.5166
Q27,rejection,3,1053.71175,1054.28175,1058.3988,1054.71775,1057.0379,1060.40925,1060.9485,1060.6576,1061.258,1060.9054,1061.6551,NaN,NaN,1061.129,1061.129,1056.1875,1056.414,1058.8316,1056.0685,1060.0818
Q28,bite,1,162.8056,162.8056,165.4156,164.3341,166.7063,NaN,NaN,166.5676,167.3398,167.3536,167.7562,162.396,162.396,167.7438,167.7438,164.0389,165.1149,165.4185,165.4236,166.3308
Q28,bite,2,168.8722,169.0222,171.0416,170.299,172.0406,NaN,NaN,172.2298,172.8186,172.8592,173.5376,166.9236,167.7438,173.418,173.418,169.2399,170.8368,170.9155,171.0234,171.7766
Q28,bite,3,176.0014,176.0014,178.1314,177.5944,179.362,180.1598,180.1599,179.0565,179.8449,179.9904,180.6166,NaN,NaN,180.1598,180.2268,176.7898,177.8524,178.1571,178.2036,178.67
Q28,bite,4,254.5022,254.3634,256.3152,255.3388,257.2451,NaN,NaN,257.3277,257.9759,257.7612,258.3758,NaN,NaN,257.7836,257.975,255.0503,256.093,256.1986,256.337,256.8782
Q28,bite,5,270.0772,270.1806,272.2774,271.4916,272.8584,273.8432,273.8433,273.2315,273.9103,273.7,274.305,NaN,NaN,273.8432,273.9084,270.77,272.0472,272.1365,272.3408,272.8694
Q28,bite,6,284.4596,285.1218,286.9438,286.2222,287.9042,NaN,NaN,287.8424,288.4078,288.5962,289.0248,NaN,NaN,288.8852,288.8852,285.2442,286.7334,286.8472,286.9448,287.537
Q28,bite,7,313.6794,314.5512,316.6436,315.701,317.777,NaN,NaN,317.6164,318.2118,318.4006,319.0034,NaN,NaN,318.4522,318.4522,315.0368,316.5448,316.6012,316.634,317.4966
Q28,bite,8,414.2708,414.6308,416.4798,415.6756,417.7965,417.961,418.3026,417.6706,418.6872,418.8574,419.122,412.2454,414.0414,418.9232,419.8838,415.3886,415.8552,416.406,416.4748,417.08
Q28,bite,9,426.9602,427.6946,429.4098,428.749,430.9924,430.9256,430.9257,430.517,431.0354,431.1746,431.6912,424.0756,424.9002,431.182,431.6712,428.555,428.9728,429.3774,429.471,429.7892
Q28,bite,10,436.6368,437.3136,438.7736,438.1564,439.7906,440.578,440.5781,439.7332,440.4128,440.5224,441.1126,436.1492,436.9114,440.578,441.1458,437.796,438.6518,438.7767,438.8352,439.4
Q28,bite,11,456.0874,457.5574,459.6772,458.9935,460.4012,461.1616,461.1617,460.6268,461.4688,461.6338,462.2234,453.172,453.2414,461.8834,461.9184,458.0642,459.359,459.6237,459.6324,460.2334
Q28,bite,12,480.9772,480.9772,483.5618,481.6224,484.3262,484.912,484.9121,484.537,485.1886,485.3548,486.0188,NaN,NaN,485.5678,485.7346,482.0066,483.364,483.5031,483.5396,484.0736
Q28,bite,13,490.6362,491.1162,493.0198,492.226,494.1044,NaN,NaN,493.9324,494.8016,495.0302,495.1178,NaN,NaN,495.1362,495.7362,491.2278,492.7374,492.8351,492.9792,493.5118
Q28,bite,14,174.2994,174.7294,176.364,175.379,177.209,177.2828,177.7303,177.1534,177.8708,177.9122,178.5504,NaN,NaN,NaN,NaN,175.2919,176.2175,176.302,176.3464,176.6786
Q28,weak bite,1,442.3922,443.1922,445.1434,444.6024,446.3174,447.0846,447.0847,446.2593,446.9127,446.7608,447.4958,440.7649,441.1457,446.7778,447.6108,443.696,444.9432,445.1594,445.2038,445.7448
Q28,weak bite,2,29.272,29.272,31.9184,31.261,32.9546,33.3073,33.6927,32.2938,33.771,33.9258,34.1874,NaN,NaN,NaN,NaN,29.9958,31.6536,31.869,31.6276,33.216
Q28,weak bite,3,37.7434,38.0734,40.418,39.645,40.9922,41.6336,42.1592,40.6608,42.2382,42.4658,42.5522,34.4193,37.2047,NaN,NaN,38.4599,40.2431,40.3943,40.3076,41.2624
Q28,weak bite,4,45.9348,46.5848,48.5164,47.3746,49.197,49.8589,50.3093,48.7204,50.1798,50.088,50.6372,43.55,43.5626,50.1256,50.6346,46.9016,48.319,48.4482,48.463,49.0464
Q28,thin swallow,1,195.807,196.057,197.217,196.8472,198.9252,198.4245,199.0765,197.9203,199.0405,199.0982,199.7604,194.4144,196.7512,199.1618,200.7512,197.1002,197.1003,197.1969,197.2226,198.112
Q28,thin swallow,2,200.2842,200.6442,201.5442,201.1834,203.2518,202.9189,203.2579,202.3313,203.1765,203.7195,204.1622,199.1618,200.9164,203.8504,205.0698,NaN,NaN,201.5277,201.5548,202.2384
Q28,thin swallow,3,205.0776,205.1,206.3016,205.95,208.3966,207.5924,208.452,207.319,208.3066,208.626,209.1608,203.4608,205.482,208.7652,210.0758,NaN,NaN,206.1627,206.3336,206.9364
Q28,thin swallow,4,395.2388,395.4588,396.4688,396.3692,398.7812,398.1357,398.1358,397.484,398.9598,398.989,399.43,394.2538,395.5842,399.0624,400.207,NaN,NaN,396.4479,396.5342,397.0802
Q28,thin swallow,5,140.3532,140.5232,141.6484,141.2556,144.2358,143.2849,143.7381,142.5179,143.8525,144.3454,144.949,139.1944,141.0116,144.6415,145.9665,NaN,NaN,141.6014,141.7024,144.341
Q28,thin swallow,6,333.8482,334.2582,335.5706,335.1078,336.3166,336.5182,337.395,336.1235,337.3641,337.473,337.7382,332.7662,333.7216,337.9498,338.645,334.9024,335.2477,335.5132,335.5226,335.796
Q28,thin swallow,7,338.6044,338.6874,340.53,339.9396,341.7244,341.7016,342.61,341.3604,342.2489,342.7092,343.168,337.8354,338.6398,343.3272,343.9528,339.3367,340.3829,340.4641,340.5554,341.2096
Q28,thin swallow,8,344.5172,345.1272,345.9638,345.697,349.7062,347.3989,349.8351,346.9499,349.6742,349.7928,350.511,343.4544,345.491,349.8696,351.4426,NaN,NaN,345.9964,346.0264,346.8246
Q28,thin swallow,9,351.3762,351.6778,352.5464,352.3644,355.6014,353.4887,355.7151,353.0623,355.548,355.741,356.5362,349.778,351.9824,355.7924,357.4354,NaN,NaN,352.5535,352.6608,352.9474
Q28,thin swallow,10,371.2924,371.2924,372.4882,372.2512,374.3078,373.3345,374.4547,373.1297,374.4075,374.4666,375.1492,368.961,372.0222,374.806,375.289,NaN,NaN,372.4842,372.5258,372.9936
Q28,thin swallow,11,418.9578,419.1878,419.912,419.6588,422.2402,420.8201,422.4785,420.217,421.9541,422.253,422.7868,417.6204,419.5916,422.2544,423.753,NaN,NaN,419.8134,419.8904,421.0018
Q28,VR thin swallow,1,209.8781,209.9836,211.4305,211.0313,213.6137,212.789,213.9428,212.3684,213.7866,213.8735,214.4167,208.5936,210.2258,213.9428,215.3236,210.964,211.1972,211.5262,211.4134,212.2134
Q28,VR thin swallow,2,215.1706,215.1706,216.3918,216.0436,218.365,218.1137,218.1137,217.3665,218.5611,218.5962,219.0604,214.378,215.4924,218.7204,220.0512,215.9273,215.9274,216.26,216.2634,271.5531
Q28,VR thin swallow,3,339.062,339.5626,341.8974,341.2104,343.0092,NaN,NaN,342.8866,343.5326,343.6544,344.0108,338.6418,338.8766,344.1368,344.8286,339.8934,341.5644,341.8457,341.868,342.2438
Q28,VR thin swallow,4,389.0118,389.6618,391.1802,390.582,392.7668,392.843,393.1168,392.3485,393.5665,393.642,394.242,388.3823,389.0656,393.8192,395.225,390.652,391.032,391.171,391.2518,392.0502
Q28,VR thin swallow,5,400.9846,401.4346,403.5358,402.8453,407.4807,405.0678,405.0678,404.4009,406.4845,407.2938,407.9674,399.0439,401.6308,407.3084,408.921,402.5369,403.2608,403.4975,403.585,407.3486
Q28,VR thin swallow,6,409.126,409.2494,410.8422,410.3455,412.3223,412.084,412.084,411.4146,412.5854,412.495,413.164,407.4914,409.3534,412.5318,414.0414,410.185,410.3444,410.5184,413.193,413.266
Q28,VR thin swallow,7,69.2808,70.0204,71.4444,70.9576,72.3698,NaN,NaN,71.5228,73.3566,73.663,74.0312,67.6568,69.6818,73.8209,74.8427,70.1004,71.1892,71.3251,71.4189,72.7808
Q28,VR thin swallow,8,126.8998,127.4658,129.2254,128.2726,130.6066,130.4897,130.4897,129.4993,131.4637,131.5776,132.0646,125.3498,127.1106,131.8327,133.2311,128.4314,128.918,129.2208,129.2724,129.563
Q28,VR thin swallow,9,134.1288,134.835,136.0212,135.3838,138.3292,137.8503,137.8503,136.6303,138.5347,138.628,139.1872,131.895,134.5362,139.2071,140.2291,135.2631,135.8001,135.9857,136.0654,136.8898
Q28,VR thin swallow,10,146.3716,146.3738,147.578,147.2946,149.466,148.6407,148.6407,147.9838,149.485,149.4752,150.0245,144.6456,147.2126,150.0547,151.0877,NaN,NaN,147.6159,147.6316,148.5495
Q28,VR thin swallow,11,357.3452,357.5036,358.8236,358.499,362.299,359.937,359.937,359.5315,362.2323,362.3254,362.9796,355.7804,358.1406,362.3492,363.9176,NaN,NaN,358.8604,362.3052,362.9736
Q28,rejection,1,243.8682,243.8682,246.605,244.7118,249.1083,247.2586,250.0616,247.2641,249.5839,250.341,250.6852,NaN,NaN,NaN,NaN,NaN,NaN,246.6701,246.465,249.8266
Q28,rejection,2,438.912,438.912,440.943,438.4116,440.7116,442.3974,443.7056,441.4254,442.9858,443.6202,444.217,437.471,438.3206,443.6502,445.1326,438.8739,440.3935,441.1348,439.8558,443.0966
Q28,rejection,3,447.7276,448.3576,450.868,446.2032,450.5109,453.2885,453.8315,450.9596,453.2553,453.8532,454.692,NaN,NaN,453.8644,455.6526,448.6947,450.4469,450.9597,448.7136,453.7566
Q28,rejection,4,485.7008,486.0708,487.9998,485.8146,487.5575,489.379,490.86792,488.0912,490.7763,490.8786,491.1238,NaN,NaN,490.9814,491.6634,486.3915,487.5475,488.0915,486.9736,490.776
Q28,rejection,5,505.8382,506.1382,510.5128,506.4684,510.0792,512.6328,513.0944,512.1285,513.3025,513.5348,514.1164,NaN,NaN,513.5209,514.0445,507.216,510.0574,510.8446,507.2778,513.1816
Q30,bite,1,655.3808,655.3808,657.7978,657.0848,658.7692,658.103,658.9918,658.0649,658.9753,658.8259,659.6414,652.5182,655.4204,658.9128,659.8104,NaN,NaN,657.7222,657.3138,658.8962
Q30,bite,2,659.522,659.832,662.8006,661.8654,663.7526,663.0906,663.867,662.819,664.0536,664.1484,664.676,NaN,NaN,664.2282,664.8652,NaN,NaN,662.7539,662.1892,664.2048
Q30,bite,3,673.6542,673.8942,676.314,675.108,677.841,676.3192,677.8622,676.6492,677.6506,677.9363,678.9664,NaN,NaN,677.9642,678.9664,NaN,NaN,676.3625,675.561,678.2594
Q30,bite,4,685.6064,687.3164,689.6323,688.4844,691.2838,689.9422,691.32,689.967,691.4676,691.5985,692.3668,NaN,NaN,691.6448,692.7798,NaN,NaN,689.7243,688.708,691.5436
Q30,bite,5,698.229,698.569,700.2676,699.6844,702.1082,700.6164,702.0748,700.5608,702.185,702.343,702.861,695.8402,697.9478,702.469,703.1174,NaN,NaN,700.3925,700.3207,702.3838
Q30,bite,6,705.6534,706.4138,709.294,707.8768,711.4928,709.9326,711.6452,709.8252,711.442,711.695,712.238,702.9792,703.9114,711.7132,712.7906,709.5144,709.5144,709.5877,709.411,711.7352
Q30,bite,7,860.8748,861.3148,864.9688,863.5594,866.057,865.6636,866.1954,865.1684,866.3268,866.3365,867.0082,NaN,NaN,866.3708,867.2376,862.9244,863.8028,864.9821,864.8746,866.469
Q30,bite,8,881.4544,881.9056,884.8456,883.2212,886.3424,885.5362,886.302,885.0723,886.4591,886.5206,887.0232,880.7125,881.6225,886.5592,887.2068,883.456,883.4561,884.8421,884.8156,886.3982
Q30,bite,9,897.12,898.65,901.9968,900.6298,903.0198,902.7102,902.9352,902.1228,903.2554,903.2801,904.0756,NaN,NaN,903.3218,905.0702,900.2864,901.369,901.9603,901.1656,903.2154
Q30,bite,10,98.9494,99.1194,100.3902,99.7586,101.2532,NaN,NaN,100.4652,101.8832,101.952,102.3778,96.629,98.6644,102.0068,103.2082,100.0374,100.0375,100.402,99.8432,101.7336
Q30,bite,11,107.2676,107.6476,108.6594,108.0214,109.6508,NaN,NaN,109.006,110.33342,110.281,110.5706,106.1253,107.936,110.334,111.3552,NaN,NaN,108.797,108.2542,109.8926
Q30,bite,12,113.6872,114.2508,115.7662,114.911,116.5736,NaN,NaN,116.2414,117.1632,117.1732,117.4894,112.9115,114.0697,117.2992,118.4706,114.927,115.8018,115.8186,115.0508,116.9734
Q30,bite,13,117.469,117.4864,119.6562,118.7494,119.7494,NaN,NaN,119.2608,120.4496,120.2916,120.9224,117.3069,118.5617,120.3678,121.6714,NaN,NaN,119.2024,118.8224,120.527
Q30,bite,14,127.2218,127.5818,128.8462,128.0994,130.053,NaN,NaN,129.5092,130.095,130.202,130.7928,NaN,NaN,130.2224,131.731,128.3168,128.8798,129.0042,127.9734,130.0734
Q30,bite,15,158.4012,158.6512,160.2096,159.5018,161.2966,NaN,NaN,160.8176,162.348,162.4494,162.814,154.9148,159.4622,162.5096,163.4068,NaN,NaN,160.3108,159.6962,162.0838
Q30,bite,16,169.5502,169.6402,171.1402,170.6332,172.4068,NaN,NaN,171.8102,172.8336,172.9786,173.3572,NaN,NaN,173.0304,174.0004,NaN,NaN,171.2464,170.9412,172.9412
Q30,bite,17,180.585,180.945,182.6224,181.5168,183.5892,NaN,NaN,183.0704,184.3486,184.035,184.5736,NaN,NaN,184.0986,185.2896,NaN,NaN,182.6952,181.7102,184.1726
Q30,bite,18,188.4018,188.4018,190.22,189.1688,191.2688,NaN,NaN,190.4502,191.9042,191.7462,192.17,186.8454,189.2292,191.7692,192.6412,NaN,NaN,190.2014,189.5608,191.5104
Q30,bite,19,528.5646,528.9546,531.1948,530.095,532.3958,NaN,NaN,531.4761,532.6699,532.6906,533.5034,NaN,NaN,532.7118,533.5034,530.2662,530.9346,531.0907,530.0268,533.0404
Q30,bite,20,664.2792,665.1792,667.9542,665.9046,668.6644,NaN,NaN,667.9842,669.0968,669.1318,670.1842,660.776,662.2048,669.1902,670.41,NaN,NaN,667.6016,666.3764,669.3728
Q30,bite,21,189.4696,189.4696,192.0796,190.135,194.735,NaN,NaN,192.9223,195.0973,195.5219,196.087,NaN,NaN,195.7102,196.6162,NaN,NaN,191.9823,191.8247,195.5582
Q30,bite,22,214.753,215.443,216.433,215.801,217.642,NaN,NaN,217.467,217.9987,217.998,218.605,208.9003,212.3469,218.109,218.7339,215.8429,216.4727,215.8475,215.1816,218.0894
Q30,bite,23,221.2942,221.2942,223.2342,222.3578,224.5738,NaN,NaN,223.7744,224.5772,224.7336,224.9368,NaN,NaN,224.7964,225.8737,222.6074,223.2394,223.3254,222.489,224.2772
Q30,bite,24,229.918,230.188,232.442,230.7634,233.4636,NaN,NaN,232.8254,233.8561,233.8294,234.4234,NaN,NaN,233.917,235.0296,230.9144,232.4658,232.6392,229.8106,233.924
Q30,bite,25,241.4672,241.4672,243.1472,242.1722,244.2566,NaN,NaN,NaN,NaN,244.7484,245.1148,NaN,NaN,244.8984,245.8986,242.2612,243.2568,243.2638,242.0506,244.586
Q30,bite,26,310.6348,310.6348,312.0748,311.0278,313.5854,NaN,NaN,312.4814,313.3184,313.4326,314.2178,308.0241,310.8576,313.4966,314.8432,311.741,311.742,311.9982,311.1956,313.576
Q30,bite,27,327.6792,328.3292,330.2892,329.4822,331.0206,NaN,NaN,331.0936,331.3572,331.5115,332.1978,326.8052,327.9316,331.7762,333.0078,NaN,NaN,330.2978,329.1762,331.475
Q30,bite,28,335.4628,335.4628,337.8028,336.6676,338.7282,NaN,NaN,338.5414,338.9852,339.0507,339.6214,333.0075,333.5189,339.3258,339.3288,336.9658,337.4088,337.5922,336.3564,339.068
Q30,bite,29,351.3866,352.8966,355.3654,353.536,356.3134,NaN,NaN,356.3288,356.5862,356.745,357.1024,350.9974,351.3074,356.7996,357.2878,353.9126,354.5236,355.5004,353.9976,356.4172
Q30,bite,30,436.647,437.147,438.8212,437.9992,439.438,NaN,NaN,439.5618,439.7734,439.8552,440.605,433.828,436.4476,439.8808,440.4958,436.913,438.4136,438.7556,438.3046,440.5346
Q30,bite,31,453.5402,454.6856,456.149,455.2726,456.604,NaN,NaN,456.8388,457.1278,457.175,458.2124,450.7018,453.3624,457.2524,457.6542,455.8852,456.1078,456.1888,454.9332,456.5962
Q30,bite,32,841.926,841.926,844.506,843.4494,844.9862,NaN,NaN,844.8388,845.565,845.4004,846.8516,843.1524,840.844,845.5612,846.1518,843.5949,843.8571,844.6935,843.0434,845.3694
Q30,bite,33,848.4664,848.4664,850.0894,849.5882,850.7382,NaN,NaN,850.521,851.412,851.3792,851.9108,845.8388,846.1516,851.4016,852.7094,NaN,NaN,849.8847,849.0544,851.447
Q30,bite,34,511.2944,511.2944,513.373,512.004,514.2964,NaN,NaN,514.2819,514.8517,514.828,515.5208,NaN,NaN,514.8304,515.5208,512.844,513.1996,513.5633,512.18,515.1282
Q30,bite,35,517.6966,518.4266,519.7346,518.946,520.36,NaN,NaN,520.6076,521.2372,521.2982,521.634,NaN,NaN,521.3428,522.4572,518.9126,519.4056,519.9257,519.2124,521.4172
Q30,bite,36,525.1608,525.1608,527.4686,526.6624,527.6962,NaN,NaN,528.5845,529.1207,529.174,529.7872,521.3359,525.3415,529.2196,530.4136,527.5192,527.7573,527.7665,525.5634,527.9408
Q30,bite,37,532.7222,532.7222,534.6122,533.7414,535.3844,NaN,NaN,535.0228,536.1894,536.4628,536.9222,530.398,530.885,536.5052,537.0124,533.8842,534.6384,534.7637,533.4138,536.1224
Q30,bite,38,538.9312,538.9312,540.8234,540.2676,541.551,NaN,NaN,541.3352,542.5344,542.5892,542.984,536.418,537.0124,542.639,543.475,NaN,NaN,540.9995,539.5432,541.5948
Q30,weak bite,1,356.2506,356.301,358.541,357.7845,359.6934,NaN,NaN,359.178,359.8108,359.9088,360.6363,360.4007,361.095,359.9668,360.8472,NaN,NaN,358.6334,358.4926,359.8278
Q30,weak bite,2,362.6044,362.8544,364.1412,363.527,365.7246,NaN,NaN,365.2333,365.9913,366.068,366.4378,359.7544,361.8168,366.1238,367.3586,363.6214,363.6215,364.2818,363.769,365.5896
Q30,weak bite,3,868.1618,868.394,870.4376,869.8794,872.0752,871.3788,872.0158,870.786,871.877,871.9795,872.6488,866.9066,868.4262,872.0406,872.863,870.5666,870.7223,870.7213,870.1996,872.0654
Q30,weak bite,4,921.094,921.474,923.6722,922.186,926.9276,924.5912,927.0478,924.3638,926.5428,927.1578,927.6622,918.5034,921.632,927.1974,928.5062,923.7352,923.7353,923.8209,923.305,927.0996
Q30,weak bite,5,928.2152,929.2224,931.4273,930.6386,932.8592,931.9776,932.8734,931.6162,932.8386,932.9313,933.7384,927.3815,929.7931,932.9594,934.5536,931.2712,931.2713,931.4105,931.099,933.1314
Q30,weak bite,6,131.3714,132.1496,132.808,132.3074,133.4784,NaN,NaN,133.1622,133.9772,134.0958,134.4762,130.6418,131.723,134.1252,135.4672,NaN,NaN,132.7214,132.6938,134.0556
Q30,weak bite,7,388.3266,389.1166,390.3534,389.449,391.0126,NaN,NaN,390.5572,391.3004,391.5503,392.4018,NaN,NaN,391.6186,392.1334,NaN,NaN,390.3669,390.1316,391.5588
Q30,weak bite,8,398.611,398.9104,399.7738,399.113,400.8159,NaN,NaN,400.6637,401.7063,401.7326,402.4076,NaN,NaN,401.8682,402.3078,NaN,NaN,400.168,399.8698,401.7848
Q30,weak bite,9,199.685,200.185,201.335,200.4546,203.8928,NaN,NaN,202.7176,204.0304,204.1562,204.7422,NaN,NaN,204.1648,205.134,200.7983,200.7984,201.3365,200.8766,204.2412
Q30,weak bite,10,249.2932,249.2932,250.1768,249.9288,250.5164,NaN,NaN,251.1183,251.7759,250.9254,252.152,244.6852,247.3388,251.1212,251.7798,NaN,NaN,250.2555,249.5174,250.7432
Q30,weak bite,11,254.5622,254.5622,256.8122,256.2544,258.1122,NaN,NaN,257.9143,257.9643,258.6484,259.0132,252.7231,253.3613,259.0482,259.0482,256.255,256.7474,256.9406,256.0532,257.7996
Q30,weak bite,12,320.285,320.585,321.8698,320.9304,322.6828,NaN,NaN,322.8749,323.2385,322.9388,323.758,315.5159,319.5257,323.0634,323.9948,321.2378,321.3887,321.7346,320.9172,323.1214
Q30,weak bite,13,323.615,323.615,325.7282,325.3182,326.5978,NaN,NaN,326.7123,326.7124,327.0324,327.6322,323.0637,323.9945,327.1488,327.9058,325.3282,325.8362,325.3209,325.452,327.0498
Q30,weak bite,14,343.4104,343.4104,345.0906,344.4488,346.3774,NaN,NaN,346.3005,346.7794,346.8722,347.4558,342.4215,343.1103,347.0074,347.5454,NaN,NaN,345.114,344.6938,346.7478
Q30,weak bite,15,361.1992,361.4792,363.6518,362.6762,364.1036,NaN,NaN,364.4126,364.6494,364.7156,365.4514,NaN,NaN,364.9642,365.1592,363.426,363.4261,363.6494,363.1954,363.988
Q30,weak bite,16,428.9924,428.9924,430.4922,430.0596,431.0836,NaN,NaN,430.9724,431.4752,431.6248,432.1842,425.8171,429.7531,431.6634,431.9878,NaN,NaN,430.4561,430.4348,431.5488
Q30,weak bite,17,444.5728,444.5728,446.462,445.7184,447.264,NaN,NaN,447.0006,447.4792,447.4886,448.2956,442.4283,443.9301,447.5598,448.8272,446.1282,446.1283,446.433,446.324,447.8468
Q30,weak bite,18,777.6968,777.6968,780.0368,779.054,780.8856,NaN,NaN,780.2246,781.0907,781.1299,782.0882,774.7436,778.038,781.1912,781.4864,NaN,NaN,780.0473,779.6418,781.298
Q30,weak bite,19,791.6,791.6,794.24,793.166,794.741,NaN,NaN,794.2631,795.2829,795.3482,796.3154,787.498,791.3562,795.628,795.6312,NaN,NaN,794.2645,793.991,795.3482
Q30,weak bite,20,367.2154,367.2154,369.1954,368.3698,370.6252,NaN,NaN,370.2757,371.0743,371.0382,371.5972,366.5523,367.6379,371.0794,372.2384,368.6794,369.2296,369.3019,367.8256,370.1414
Q30,weak bite,21,401.6486,401.6486,404.0486,403.282,405.654,NaN,NaN,404.3834,405.6194,405.8594,406.4416,401.0843,403.0635,405.9012,406.865,403.8076,404.0252,404.1917,403.6114,404.6682
Q30,weak bite,22,496.8668,496.8668,498.3292,497.1266,499.9758,NaN,NaN,499.0141,500.3985,500.5622,501.1304,492.3603,492.6267,500.5656,501.1304,497.6661,497.6662,498.3855,497.268,500.6028
Q30,weak bite,23,702.119,702.1464,703.9862,703.1935,704.7493,NaN,NaN,704.7763,705.8045,705.6466,706.61,NaN,NaN,705.6986,706.61,NaN,NaN,704.0008,703.003,705.8898
Q30,thin swallow,1,607.8336,608.1336,609.6342,609.2948,611.486,609.7206,611.7794,609.6904,611.0176,611.318,612.3232,605.0828,608.1108,611.3642,613.1378,NaN,NaN,609.6911,609.619,611.8754
Q30,thin swallow,2,737.1596,737.1596,738.4838,738.2506,740.597,739.0574,740.6106,738.8918,740.4494,740.6806,741.269,734.3678,737.8056,740.7132,742.1472,NaN,NaN,738.5709,738.4944,740.9156
Q30,thin swallow,3,742.1264,742.2864,743.6264,743.3588,745.5016,744.0226,745.4786,743.8997,745.3823,745.5299,746.3262,740.6806,742.6678,745.5472,747.2906,NaN,NaN,743.7537,743.6254,745.385
Q30,thin swallow,4,784.9102,785.3154,786.8788,786.2812,788.7794,787.236,788.6956,786.9097,788.6828,788.7557,789.4744,783.699,785.7364,788.7778,790.165,NaN,NaN,786.8945,786.7514,788.7926
Q30,thin swallow,5,794.0278,794.1438,795.8664,795.4354,797.99,796.4208,797.9332,795.9822,797.867,797.8777,798.6806,791.57,794.7104,797.892,799.653,NaN,NaN,795.9831,795.8908,797.9038
Q30,thin swallow,6,798.6858,799.2758,800.9682,800.699,802.5882,801.4008,802.5396,800.9661,802.5578,802.5967,803.368,798.5862,799.958,802.6008,804.2636,NaN,NaN,800.9641,800.8694,802.5422
Q30,thin swallow,7,215.7084,216.2784,217.152,216.8042,219.063,218.3214,219.0306,217.845,219.012,219.0702,219.7016,215.6806,216.9762,219.2042,220.5704,NaN,NaN,217.2633,217.2624,219.09
Q30,thin swallow,8,219.5014,219.5152,221.2062,220.8568,221.8082,NaN,NaN,221.2614,222.8014,222.9042,223.4676,219.4488,220.6978,222.9316,224.2012,NaN,NaN,221.283,221.1692,222.7948
Q30,thin swallow,9,223.1008,223.8308,224.741,224.5096,225.7234,NaN,NaN,225.3394,226.2532,226.368,227.0436,223.0842,224.2012,226.3806,227.7804,NaN,NaN,224.8831,224.69,226.5276
Q30,thin swallow,10,250.6252,250.8252,251.6892,251.5332,254.3504,252.3364,254.3006,251.9587,253.8699,254.5015,255.0034,249.7132,251.3248,254.5614,255.988,NaN,NaN,251.7815,251.6762,254.5196
Q30,thin swallow,11,279.4184,279.4184,280.8474,280.6684,283.4684,282.1952,283.3744,281.5076,283.2572,283.3578,284.292,279.1306,280.5994,283.3636,284.2122,NaN,NaN,280.9559,280.8984,283.5156
Q30,thin swallow,12,284.4,284.88,285.8594,285.5662,288.5602,288.1832,288.5254,286.3958,288.445,288.7634,289.2514,284.1028,285.4784,288.803,289.5602,NaN,NaN,285.8225,285.7078,288.676
Q30,thin swallow,13,291.925,291.925,293.035,292.7392,294.0888,NaN,NaN,293.692,294.4926,294.6216,295.232,288.9896,292.545,294.6984,295.7094,NaN,NaN,293.0441,292.9376,294.6338
Q30,thin swallow,14,295.1068,295.1868,296.816,296.5426,300.5798,298.7392,300.0288,297.5077,299.4848,299.7774,300.9888,294.8686,296.469,299.8726,301.7032,NaN,NaN,296.8809,296.619,300.1446
Q30,thin swallow,15,450.7252,451.4352,452.2552,452.0374,453.8928,NaN,NaN,452.9999,453.9607,453.5716,454.6996,450.4612,452.074,453.6124,455.6032,NaN,NaN,452.3632,451.4934,454.4484
Q30,thin swallow,16,454.5252,455.4472,456.0712,455.955,458.8928,457.7442,459.0802,456.6963,458.9269,459.1551,460.1908,454.225,455.7438,459.1672,461.1478,NaN,NaN,456.3015,455.2214,459.2378
Q30,thin swallow,17,460.2024,460.4424,461.714,461.4282,462.5522,NaN,NaN,461.8156,462.6688,463.209,463.8708,459.3658,461.1454,463.2502,464.8348,NaN,NaN,461.729,461.586,463.1126
Q30,thin swallow,18,466.9808,467.1788,468.1744,468.0778,469.5702,NaN,NaN,468.4159,469.9563,469.8552,470.8374,463.58,467.717,469.9006,471.7778,NaN,NaN,468.2804,468.184,470.2614
Q30,thick swallow,1,354.1882,354.4082,356.1508,355.7806,359.5044,357.255,359.3638,356.6645,359.23,359.4321,360.0226,353.4014,354.9294,359.4722,360.8778,NaN,NaN,356.428,356.1064,359.6948
Q30,thick swallow,2,360.3842,360.3842,361.234,361.229,363.2578,362.0296,363.2186,361.8435,362.6947,363.2689,364.0922,359.6302,360.8778,363.2962,364.753,NaN,NaN,361.5677,360.9236,363.2446
Q30,thick swallow,3,375.8184,376.1584,377.0654,376.8792,379.4224,378.192,379.228,377.7784,379.3878,379.5338,380.0608,375.6036,376.6764,379.946,380.4672,NaN,NaN,377.1257,377.0554,379.4992
Q30,thick swallow,4,380.043,380.533,381.4276,381.2246,383.2064,382.3484,383.158,382.0329,383.0635,383.2715,384.1106,379.6706,381.1902,384.0998,384.6922,NaN,NaN,381.4664,381.3804,383.294
Q30,thick swallow,5,384.7084,384.7084,385.662,385.3892,387.1344,386.6038,387.1114,386.1707,387.2455,387.2684,387.7716,383.4006,385.2848,387.2926,388.6374,NaN,NaN,385.6405,385.5286,387.433
Q30,thick swallow,6,389.1526,389.1526,390.0854,389.8614,391.6228,391.3968,391.619,390.6635,391.8171,391.8055,392.2064,387.396,389.4746,391.8112,392.791,NaN,NaN,390.1147,390.001,391.5854
Q30,thick swallow,7,394.4658,394.4658,395.6818,395.3284,397.7872,397.189,397.7706,395.9673,397.9159,397.7187,398.7614,391.9964,394.7284,397.7244,399.7272,NaN,NaN,395.6127,395.6108,397.896
Q30,thick swallow,8,399.303,399.4374,400.293,400.0642,402.1912,401.443,402.1402,400.8269,402.1839,402.3856,403.0564,397.9398,399.9354,402.3904,403.9844,NaN,NaN,400.3431,400.2198,402.1732
Q30,thick swallow,9,405.378,405.378,406.4062,406.0046,408.612,407.799,408.5326,406.8957,408.6629,408.7013,409.4246,403.0054,405.77,408.873,410.1412,NaN,NaN,406.4101,406.4426,408.711
Q30,thick swallow,10,584.5068,584.9874,585.6354,585.5956,588.0274,586.515,587.9292,586.4139,588.0003,588.0267,588.8493,583.0844,585.5158,588.1973,589.9119,NaN,NaN,585.9185,585.7674,588.0936
Q30,thick swallow,11,589.208,589.5138,590.4854,590.5472,592.696,591.3674,592.6004,591.1099,592.5386,592.7579,593.5093,588.0778,590.4322,593.0209,594.6399,NaN,NaN,590.7329,590.7114,592.8962
Q30,thick1cm swallow,1,635.1802,635.1802,636.4794,636.3028,639.8946,638.1754,639.7682,636.9021,639.0252,640.1011,640.6776,634.7152,636.009,640.1826,641.4396,NaN,NaN,636.5567,635.9422,639.923
Q30,thick1cm swallow,2,641.0146,641.0146,642.1578,641.9498,643.8286,642.9654,643.7336,642.2779,643.6225,643.99461,644.7824,640.6786,641.7846,644.1068,645.114,NaN,NaN,642.1735,642.1536,643.9956
Q30,thick1cm swallow,3,651.0718,651.0718,652.5718,652.2188,654.555,654.3236,654.3237,652.9727,654.5357,654.5306,655.287,648.2418,651.5184,654.559,655.7626,NaN,NaN,652.4837,652.1468,654.7484
Q30,thick1cm swallow,4,659.5504,659.8504,661.0418,660.599,663.973,662.9938,663.7948,661.8285,663.7579,663.8725,664.5224,656.8372,659.414,663.9626,665.4894,660.5818,660.5819,661.0219,660.2688,664.1068
Q30,thick1cm swallow,5,664.4698,665.1098,666.0622,665.9432,668.5338,666.8062,668.4542,666.1901,668.6167,668.3829,669.397,664.1048,665.7304,668.4284,670.3296,NaN,NaN,666.1805,666.111,668.6856
Q30,thick1cm swallow,6,670.0652,670.1826,671.1184,670.926,673.0826,672.1136,672.9976,671.6297,673.2667,673.1815,674.0004,669.3476,670.5804,673.1858,674.7508,NaN,NaN,671.1369,671.0368,673.3176
Q30,thick1cm swallow,7,681.2608,681.2608,682.5878,682.2968,684.9026,684.038,684.7372,682.7309,684.9745,684.9079,685.7682,676.0832,681.3424,684.9272,686.7364,NaN,NaN,682.4895,682.6474,685.2004
Q30,thick1cm swallow,8,691.2528,691.6128,692.8148,692.385,695.2498,694.5078,695.1846,693.2687,695.2085,695.3366,696.2302,685.6848,691.7278,695.48,697.0564,NaN,NaN,692.7845,692.0872,695.3026
Q30,thick1cm swallow,9,700.5136,700.5136,701.8904,701.603,704.6586,703.3578,704.276,702.5837,704.0699,704.1655,705.2534,695.3688,701.0086,704.1806,705.8538,NaN,NaN,701.8927,701.6086,704.7406
Q30,thick1cm swallow,10,705.1616,705.1616,706.5202,706.2906,708.2246,707.2558,708.0798,706.9479,708.1531,708.3393,708.9714,705.11,705.8538,708.4976,709.785,NaN,NaN,706.5299,706.3362,708.293
Q30,thick1cm swallow,11,715.3798,715.3798,716.83,716.3196,719.2032,718.2274,719.1632,717.2457,718.9017,719.2593,719.9634,709.249,715.5972,719.282,720.8684,NaN,NaN,716.8437,716.453,719.3166
Q30,thick1cm swallow,12,719.85,719.85,721.59,721.3144,723.701,722.868,723.6302,722.2505,723.8473,723.7568,724.7584,719.8652,720.8684,723.8024,725.7046,NaN,NaN,721.7101,721.6462,723.6988
Q30,thick1cm swallow,13,725.0738,725.0738,726.0732,725.8894,727.2718,NaN,NaN,726.7129,727.3803,727.6884,728.3186,724.51,725.7046,727.7044,728.6526,NaN,NaN,726.2797,726.093,727.372
Q30,thick1cm swallow,14,748.102,748.102,750.052,748.9792,752.8816,752.1846,752.7676,750.4785,752.6273,752.9019,754.0418,741.1736,747.3308,753.0804,754.9698,NaN,NaN,750.0803,749.9414,752.9742
Q30,thick1cm swallow,15,758.1776,758.1776,759.4676,759.169,761.3894,761.0206,761.3396,759.8565,761.2827,761.5265,762.4634,753.3392,758.2634,761.6808,763.0942,NaN,NaN,759.3867,758.9532,761.5022
Q30,thick1cm swallow,16,762.2526,762.8226,764.244,763.7212,766.8486,765.456,766.654,764.5073,766.7602,766.8487,767.6336,761.6699,763.0881,766.9926,768.538,NaN,NaN,764.2239,763.7186,766.8764
Q30,thick1cm swallow,17,767.9882,767.9882,769.1382,768.941,770.2096,770.1042,770.1043,769.4781,770.3757,770.3575,771.111,766.9921,768.6779,770.4862,772.097,NaN,NaN,769.2337,769.111,770.4274
Q30,VR swallow,1,580.1986,580.7486,582.5986,581.1269,584.7224,582.6642,584.828,582.7321,584.7566,584.7769,585.7554,577.0155,579.3323,584.8222,586.7326,582.4402,582.4403,582.6465,582.574,584.9184
Q30,VR swallow,2,589.14,589.45,591.09,590.4748,593.3646,591.23,593.5412,591.3795,593.51,593.5086,594.284,585.8567,589.7602,593.5124,595.19,NaN,NaN,591.0935,591.1428,593.606
Q30,VR swallow,3,598.0042,598.4542,599.6626,599.2714,601.5802,599.7492,601.9316,599.7789,601.6194,601.741,602.5278,595.4208,598.9596,601.7592,603.2878,NaN,NaN,599.7749,599.6756,602.009
Q30,VR swallow,4,615.0362,615.3222,616.789,616.4776,618.6406,617.0918,618.8318,616.8725,618.8454,618.958,619.7362,612.0193,615.763,619.0398,620.6716,NaN,NaN,616.8759,616.7666,618.9378
Q30,VR swallow,5,620.8116,620.8116,622.6326,621.8294,624.5574,622.6342,624.2764,622.3795,624.432,624.3887,624.878,618.9373,620.8735,624.4502,625.6448,NaN,NaN,622.4543,622.3088,624.4914
Q30,VR swallow,6,629.3966,629.5566,630.9446,630.4951,632.621,630.9224,632.6814,630.9479,632.58,632.7616,633.1594,626.627,629.8822,632.782,633.8094,NaN,NaN,630.9484,630.731,632.7486
Q30,VR swallow,7,638.358,638.378,640.718,639.7036,642.515,640.7232,642.4538,640.5725,642.52,642.5912,643.1486,633.2019,638.4605,642.6024,643.9886,NaN,NaN,640.5717,640.678,642.7068
Q30,VR swallow,8,647.6312,647.7612,649.6588,648.8598,651.506,649.8572,651.5294,649.9107,651.4894,651.6967,652.443,645.797,647.9692,651.7198,652.6796,NaN,NaN,649.6329,649.5786,651.5872
Q30,VR swallow,9,226.9652,227.4052,228.4218,228.0404,229.4108,NaN,NaN,229.266,230.1076,230.19,231.0642,226.8915,227.7815,230.3972,231.6252,NaN,NaN,228.5973,228.2956,230.0942
Q30,VR swallow,10,230.5574,231.2402,232.5188,231.8432,233.114,NaN,NaN,232.7292,233.5372,233.5702,234.4816,226.8996,227.7804,233.2147,234.0329,228.4805,228.4806,232.3617,232.0156,233.5546
Q30,VR swallow,11,244.2744,244.8944,245.8344,245.5976,249.2538,246.7888,249.242,246.6865,249.189,249.3372,249.8098,244.4246,245.2766,249.346,250.7324,NaN,NaN,245.9869,245.959,249.4012
Q30,VR swallow,12,260.9662,260.9662,262.1932,262.0154,265.5854,262.9284,265.5166,262.6258,265.4658,265.6723,266.2282,260.7986,261.4654,265.9644,266.8896,NaN,NaN,262.3905,262.2946,265.6296
Q30,VR swallow,13,271.8934,271.8934,273.3732,273.0576,275.163,274.6224,275.0046,273.7803,275.1746,275.3172,275.6064,271.8445,272.6307,275.6494,276.0542,272.6783,273.0627,273.2259,272.4874,275.487
Q30,VR swallow,14,275.7294,275.9794,277.0802,276.8736,278.8756,278.0678,278.868,277.7016,278.6608,278.9956,279.4172,275.4001,276.7855,279.3046,279.7398,NaN,NaN,277.0825,277.0294,279.2976
Q30,rejection,1,276.668,276.8758,278.0352,276.6332,278.548,278.384,280.0448,278.3229,279.9584,280.0859,280.628,NaN,NaN,280.115,280.606,277.5316,277.5317,277.9463,277.6428,280.1376
Q30,rejection,2,282.2034,282.2034,283.1132,282.1734,283.8846,283.4396,285.424,283.1952,285.3806,285.4691,286.0346,NaN,NaN,285.5152,285.5912,NaN,NaN,283.0979,282.6788,285.5322
Q30,rejection,3,287.9442,288.3242,290.2242,288.7252,291.5482,291.3202,291.5916,290.316,291.4364,291.6612,292.6062,NaN,NaN,291.7082,292.0696,289.4266,290.2218,290.2829,288.759,291.9334
Q30,rejection,4,297.9996,298.328,299.347,298.6816,300.254,NaN,NaN,299.7938,300.5994,300.901,301.458,297.8414,298.3404,301.3854,302.0616,NaN,NaN,299.3802,299.3698,300.876
Q30,rejection,5,567.7274,568.3074,569.4674,567.8906,569.3139,570.3996,571.7332,569.8626,571.4646,571.6744,572.986,NaN,NaN,571.7194,573.2494,NaN,NaN,569.5218,567.7408,571.8408
Q30,rejection,6,573.1432,573.3332,574.1332,572.8156,574.1947,575.0868,575.5256,574.5386,575.599,575.7083,576.1476,572.6077,573.2485,575.9692,577.0742,573.8515,574.1307,574.1813,573.5918,575.6652
Q30,rejection,7,582.5918,582.5918,584.4818,582.684,585.7546,585.8853,585.8854,585.2838,586.3272,586.631,587.0808,580.8078,583.3752,586.6956,586.702,584.2217,584.4479,584.5073,584.1468,586.3924
Q30,rejection,8,501.2026,501.6226,503.1402,500.868,502.7463,503.9195,503.9196,503.4048,504.4478,504.4793,505.4252,NaN,NaN,504.6096,506.2214,501.2346,503.087,503.2065,502.0982,504.308
Q30,rejection,9,512.0394,512.1294,514.4394,511.8886,513.994,NaN,NaN,514.7626,515.7745,516.0316,516.8184,NaN,NaN,516.2978,517.7576,512.0468,514.3396,514.435,512.528,515.6564
Q30,rejection,10,527.4686,527.4686,529.8986,527.2058,529.7424,NaN,NaN,530.1842,531.2264,531.3558,532.3084,NaN,NaN,531.4314,532.053,528.6051,529.7927,529.9522,527.534,531.1692
Q30,rejection,11,544.918,545.188,549.1194,544.2846,549.0724,NaN,NaN,549.3458,551.0044,551.0263,551.9518,NaN,NaN,552.8626,552.8626,547.5297,548.7959,549.2714,544.774,551.0456
Q30,rejection,12,565.8796,566.0096,568.4866,565.9022,568.1609,NaN,NaN,568.6577,570.9553,570.8195,571.6958,NaN,NaN,570.9376,572.5348,567.2233,568.5807,568.634,567.2266,570.2174
Q30,rejection,13,804.934,804.934,808.1562,805.0972,808.228,809.5044,810.6226,808.5085,810.5602,810.6885,812.3012,804.9146,804.921,810.7314,812.3618,806.1191,808.1217,808.2271,805.7436,810.5096
Q30,rejection,14,811.7358,812.3158,813.8094,812.2146,813.7748,814.6646,815.626,813.9941,815.6716,815.7875,817.4138,811.2634,812.3618,815.9474,818.32,813.2129,813.8775,813.9491,813.1336,815.7168
Q4,Nmbite,1,223.2015,224.397,225.7785,225.814,227.994,227.1855,228.221,227.9282,228.7352,228.4812,229.4702,223.2175,224.778,228.7937,229.6392,225.0209,225.3839,225.9464,225.9644,227.8329
Q4,Nmbite,2,667.8645,669.267,670.556,670.469,672.586,672.6033,672.6034,671.854,673.2565,672.9958,673.7008,667.5013,669.7583,NaN,NaN,NaN,NaN,670.8618,670.9063,672.5703
Q4,Nmbite,3,312.3061,313.3405,314.6325,314.6321,316.9706,316.3686,317.1896,316.1933,317.0693,317.0267,318.0983,311.9912,314.5073,317.0652,317.5983,NaN,NaN,314.7587,314.5777,314.5778
Q4,Nmbite,4,320.974,321.4885,322.893,322.9555,325.761,324.739,325.688,324.3842,325.8757,325.5107,326.4677,320.8238,322.0012,NaN,NaN,NaN,NaN,323.1237,323.1658,325.6993
Q4,Nmbite,5,339.3949,340.4629,341.8649,341.7905,344.8505,343.278,344.861,342.7242,344.9602,344.6343,345.5567,339.0369,341.7029,NaN,NaN,NaN,NaN,342.0594,342.8804,344.3984
Q4,Nmbite,6,378.7244,379.4274,380.8714,380.8868,383.5023,383.0557,383.4918,382.5868,382.5869,383.9038,384.4307,378.9524,379.5204,NaN,NaN,NaN,NaN,381.1374,382.0664,383.4899
Q4,Nmbite,7,394.1815,395.4165,396.503,396.6763,399.3998,398.5813,399.9948,398.9423,399.7253,399.9432,400.2087,394.2543,395.8553,NaN,NaN,NaN,NaN,396.8188,NaN,NaN
Q19,Nmbite,3,645.9201,646.32,647.5556,647.5811,649.0956,649.4356,649.7371,649.4778,649.8493,649.6378,650.1348,NaN,NaN,NaN,NaN,NaN,NaN,648.5159,648.5567,649.4543
Q4,Nmswallow,1,547.973,548.296,550.701,550.7535,552.829,552.3506,552.6726,552.2088,553.2708,533.2183,553.7268,547.7901,549.8386,553.8461,553.8462,550.2576,550.5116,550.9306,548.8828,552.6748
Q4,Nmswallow,2,567.459,567.775,570.0375,570.086,572.274,570.649,572.021,571.0478,572.1503,572.1623,572.9018,566.8248,569.8748,572.6148,572.9928,NaN,NaN,570.5707,570.7925,572.4665
Q4,Nmswallow,3,448.421,448.421,451.0785,450.909,453.0685,452.0055,452.8425,452.3225,453.2945,452.8662,453.9282,448.0734,450.5594,NaN,NaN,NaN,NaN,451.2192,452.2344,452.6959
Q4,Nmswallow,4,500.075,500.3795,502.322,502.3715,505.089,503.57,504.954,503.3562,505.1057,505.0432,505.7498,499.5182,501.5677,505.7643,506.1102,NaN,NaN,502.6062,503.7183,505.0822
Q4,Nmswallow,5,521.7995,522.086,524.5505,524.549,526.837,525.0905,526.657,525.315,526.8115,526.6255,527.447,520.8898,524.4818,526.8533,527.1703,NaN,NaN,524.9223,525.2259,527.0874
Q27,Nmswallow,1,584.2442,584.3225,585.762,585.5797,588.7798,586.2647,588.5282,586.4094,588.2924,588.2729,589.4106,584.1449,585.0797,588.4127,589.3737,NaN,NaN,585.8202,585.7609,586.1464
Q27,Nmswallow,2,589.896,589.896,591.8632,591.2608,594.1832,591.9203,593.9785,591.9997,594.058,594.2142,594.8397,588.8808,591.1552,594.0833,594.6608,NaN,NaN,591.5497,591.3974,591.7381
Q27,Nmswallow,3,609.5891,609.5891,612.8081,612.7566,615.0226,613.1624,614.8551,613.3379,615.0366,614.8938,615.7962,608.6703,612.5035,615.588,615.823,NaN,NaN,613.0776,612.8686,612.9721
Q27,Nmswallow,4,643.5752,643.5752,645.399,645.1662,647.6498,645.8647,647.7012,645.9129,647.6099,647.7374,648.1141,642.1124,644.4619,NaN,NaN,NaN,NaN,645.4645,645.2939,645.5966
Q10,NMrejection,1,764.329,764.329,767.8415,763.827,767.251,769.445,771.3735,768.3803,771.2543,771.4468,772.0328,765.2343,766.9378,NaN,NaN,NaN,NaN,768.0763,766.8518,771.2038
Q27,NMrejection,1,1039.5373,1039.7497,1043.6605,1042.0048,1043.5298,1044.8804,1047.0519,1043.7572,1047.1761,1047.3646,1048.1176,NaN,NaN,NaN,NaN,NaN,NaN,1043.8495,1043.6541,1044.4861
Q27,NMrejection,2,494.1073,495.184,498.6785,495.3263,497.8658,502.2043,502.6305,499.1993,502.8481,502.8213,503.8201,NaN,NaN,NaN,NaN,NaN,NaN,498.9351,497.4464,502.3022
Q28,NMrejection,1,431.3762,431.773,433.6436,431.8772,433.517,435.2248,437.4244,434.0506,437.0698,436.9558,438.1884,428.7004,431.8184,437.0318,438.3246,NaN,NaN,433.8915,433.2373,435.5929
Q28,NMrejection,2,485.4028,485.6234,487.9404,485.8126,487.5464,489.3904,490.8722,488.3631,490.9811,490.8953,491.5455,482.4775,485.1925,490.9805,492.5173,NaN,NaN,488.0907,486.9619,490.7717
Q30,NMrejection,1,517.5948,517.5948,518.505,518.1005,519.0021,519.5499,520.9065,518.5413,521.5161,520.9207,521.6977,NaN,NaN,NaN,NaN,NaN,NaN,518.4959,517.3045,520.9689
Q30,NMrejection,2,522.4321,522.5905,523.9247,522.7323,524.3915,525.0169,525.7005,523.9123,526.2193,525.6582,526.551,522.1837,523.0791,NaN,NaN,522.6163,523.6521,523.9059,522.4873,526.2289
Q30,NMrejection,3,544.9149,546.4427,549.1651,544.2897,548.9983,NaN,NaN,549.2788,551.3716,551.5706,553.037,543.9349,543.0453,551.043,552.8474,544.7747,548.9595,549.1048,544.7473,549.6919
Q30,NMrejection,4,783.7059,783.9425,786.4311,784.0325,786.8701,788.3629,788.363,786.6109,788.8229,788.7429,789.7215,783.1987,783.7191,789.0819,789.6889,784.4651,786.4551,786.5659,784.2688,788.5946
SBM1,SBMbite,1,934.097,934.3025,935.9875,935.692,937.6425,NaN,NaN,936.2116,937.9141,937.8446,938.1046,934.0011,934.1626,NaN,NaN,934.3301,935.8891,936.0581,935.9725,937.6015
SBM1,SBMbite,2,946.5505,946.774,948.3745,947.713,949.872,949.99,949.9901,948.5723,950.7962,950.6638,951.0147,NaN,NaN,951.3252,951.3253,946.7523,948.4383,948.6453,948.2192,950.1733
SBM1,SBMswallow,1,1005.0488,1005.2373,1006.7583,1006.6718,1010.3323,1008.3823,1010.2868,1007.1578,1010.0953,1010.2093,1011.0178,1005.1578,1005.4833,1011.2633,1012.3073,1005.9068,1005.9068,1006.8508,1006.7383,1010.6288
SBM1,SBMswallow,2,1016.0061,1016.2376,1017.8405,1017.8441,1021.1201,1019.4466,1021.0901,1018.1768,1020.9858,1021.2868,1021.6378,1015.1588,1016.7573,1021.4188,1022.4128,NaN,NaN,1017.8973,1017.8931,1021.726
SBM1,SBMswallow,3,1030.5045,1030.5045,1033.663,1033.5635,1037.52,1035.7443,1037.4333,1033.9958,1037.2273,1037.6783,1038.1778,1030.0878,1030.4253,1038.2058,1039.7218,1031.3773,1033.2363,1033.7703,1033.7043,1037.5988
SBM1,SBMswallow,4,1046.6808,1046.6808,1049.8803,1049.7788,1053.0268,1052.0313,1052.9703,1050.2552,1052.8853,1053.1888,1053.6468,1046.1958,1046.4638,1053.5073,1054.7417,1047.4388,1049.6963,1049.9233,1049.9903,1053.0413
SBM1,SBMrejection EN,1,89.204,89.204,93.8395,86.9066,93.5276,98.3081,101.0166,94.4393,100.8713,100.2947,101.3172,NaN,NaN,101.4698,101.6323,86.45,90.902,93.8942,93.3475,101.2065
SBM1,SBMrejection EN,2,106.2465,106.2465,108.934,103.6185,108.667,108.472,120.5585,109.0102,120.5608,120.8108,121.8452,NaN,NaN,NaN,NaN,NaN,NaN,109.0382,108.6643,120.5788
SBM1,SBMrejection EN,3,251.754,252.2875,255.0595,250.31,254.6435,259.403,261.0355,255.0583,261.5172,260.7892,261.8062,NaN,NaN,NaN,NaN,249.7378,254.7578,255.2457,254.339,261.5945
SBM1,SBMrejection EN,4,266.4285,266.7095,269.1365,265.8495,268.895,273.229,275.774,269.2697,275.5012,275.2987,276.2597,NaN,NaN,NaN,NaN,264.4742,268.8922,269.3617,268.6792,275.4242
SBM1,SBMrejection EN,5,394.213,394.59,398.8895,389.839,398.196,402.348,405.5725,398.684,404.8887,405.2867,407.9147,NaN,NaN,NaN,NaN,393.7432,398.2398,398.9268,397.6212,406.4477
SBM1,SBMrejection EN,6,409.549,409.864,412.528,406.712,412.2945,416.6455,419.035,412.6697,419.3012,418.8762,419.5852,NaN,NaN,419.4042,419.7302,408.0288,412.1198,412.7297,411.9312,418.5357
SBM2,SBMswallow,1,106.1162,106.8997,115.7197,115.3878,124.3357,119.2782,124.1452,117.4323,123.5262,123.7117,124.9492,105.3323,115.1952,124.7442,125.3832,NaN,NaN,115.4657,115.4297,124.3737
SBM2,SBMswallow,2,160.359,160.359,167.1605,166.8825,172.602,170.127,172.3865,168.6627,172.4191,172.2281,173.5186,160.2051,166.6621,173.0061,173.6471,NaN,NaN,166.9231,166.9616,172.4171
SBM2,SBMswallow,3,174.4545,174.4545,182.3145,182.1805,188.0525,185.5635,187.842,183.8132,188.0098,188.2077,188.8962,174.454,182.077,188.5847,188.8552,NaN,NaN,182.2525,182.2805,188.0615
SBM2,SBMrejection EN,1,1165.9258,1166.554,1176.3693,1167.8055,1176.2995,1182.576,1186.142,1177.2758,1185.5668,1185.9738,1186.6073,NaN,NaN,1185.5673,1188.9713,1163.5863,117.2953,1176.699,1176.3943,1185.8008
SBM2,SBMrejection EN,2,1647.3785,1647.3785,1651.197,1643.7165,1650.7795,1659.223,1665.602,1652.2213,1666.2274,1665.3753,1666.1948,NaN,NaN,1665.0888,1667.3883,1643.7552,1651.0868,1651.4568,1651.2083,1665.3413
SBM2,SBMrejection EN,3,1725.388,1725.388,1737.458,1725.6555,1737.6235,1744.819,1752.354,1738.5413,1751.6443,1752.2897,1753.1463,NaN,NaN,1752.4083,1753.4003,1723.6113,1737.3788,1737.8553,1737.4333,1752.2243
SBM2,SBMrejection EN,4,1823.3995,1823.3995,1831.4275,1820.2765,1830.8755,1836.1575,1841.1575,1832.1018,1840.9684,1840.7988,1841.803,NaN,NaN,1841.4674,1842.5539,1820.2129,1831.1079,1832.1018,1831.2143,1841.2443
SBM2,SBMrejection EN,5,1881.728,1881.728,1892.9115,1882.317,1892.9555,1897.65,1902.3045,1893.5808,1901.2963,1901.3463,1902.3953,NaN,NaN,1901.6883,1903.7733,1877.1703,1892.6748,1893.0908,1892.7363,1902.0993
SBM2,SBMrejection EN,6,1934.5245,NaN,1949.561,1936.8235,1949.4265,1954.4845,1958.8885,1950.2458,1958.5828,1958.9568,1960.1518,NaN,NaN,1958.8073,1960.3353,1934.3183,1949.3918,1949.7698,1949.4053,1958.5753
SBM121412,SBMrejectionBN2A,1,0.3183,0.9234,2.1021,1.1499,2.1804,3.3481,4.1045,2.502,4.194,3.8743,5.1604,NaN,NaN,NaN,NaN,1.4297,2.0493,2.4149,2.0969,3.4135
SBM121412,SBMrejectionBN2A,2,0.8919,1.2806,3.2296,1.711,3.3344,4.4025,5.4584,4.1318,4.6647,5.3778,6.4921,0.3383,1.8456,6.1899,6.8358,NaN,NaN,3.2843,3.0573,5.2843
SBM121412,SBMrejectionBN2A,3,0.3679,0.7003,2.2945,1.0212,2.5605,3.5744,4.4644,3.4797,4.6321,4.5699,5.443,0.1313,0.8607,5.617,5.8432,1.8151,2.1913,2.4727,2.2255,3.7781
SBM121412,SBMrejectionBN2A,4,0.241,0.4897,2.3703,1.0491,2.588,3.645,4.6943,2.5911,4.6709,4.7697,5.3683,0.0856,0.5907,5.0828,6.363,1.1269,2.0984,2.4964,2.3163,3.5735
SBM121412,SBMrejectionBN2A,5,0.4413,0.9357,2.5247,0.8988,2.5574,3.6411,4.6327,4.0964,4.582,4.7486,5.3156,NaN,NaN,NaN,NaN,0.0653,2.0917,2.6962,2.4543,3.6429
SBM121412,SBMrejectionBN2A,6,0.7202,0.9442,3.0064,1.8273,2.9163,4.1898,5.1329,3.4604,5.3365,5.3544,5.9442,NaN,NaN,NaN,NaN,0.7921,2.6553,3.1232,2.9082,4.1165
SBM121412,SBMrejectionBN2A,7,0.9632,1.5083,3.3563,1.4795,3.4558,4.6771,5.6703,4.2256,5.411,5.7834,6.449,0.1589,1.6881,5.891,7.6265,0.8241,3.1877,3.6544,3.3962,4.6374
SBM121412,SBMrejectionBN2A,8,1.7201,2.2326,4.0601,2.4895,3.9512,5.2568,6.2587,5.5242,6.2223,6.5547,6.8573,0.52,1.48,6.5102,6.9901,1.21,3.0201,4.15,3.3962,4.6374
SBM122012,SBMrejectionSpont,1,2.0121,4.6132,7.4282,3.3777,7.1551,9.0234,10.0341,7.5432,10.1964,10.0912,11.3129,0.1045,0.9291,10.719,11.3287,6.9987,7.3855,7.5299,7.1775,9.5179
SBM122012,SBMrejectionSpont,2,1.3173,4.358,6.8237,3.8691,6.5609,9.099,10.1152,7.0426,10.4665,10.3484,11.0377,NaN,NaN,10.2872,11.0785,6.4178,6.4249,6.99321,6.6575,9.6115
SBM122012,SBMrejectionSpont,3,2.3886,2.8347,5.1203,1.2036,5.158,7.3993,8.3875,5.5719,8.4535,8.9252,9.6827,0.0824,0.4118,8.6119,9.9719,4.1123,5.0296,5.323,4.4471,8.3547
SBM122012,SBMrejectionSpont,4,3.9261,4.0832,7.1876,0.6354,7.0867,9.1484,10.1919,7.4615,10.3451,10.2922,11.4132,NaN,NaN,10.315,10.6508,4.1399,7.0404,7.3002,6.4816,9.7385
SBM122012,SBMrejectionSpont,5,2.5607,2.7474,5.5553,0.2518,5.5554,7.2704,8.3016,5.8084,8.6286,8.7443,9.4858,4.086,4.9256,8.6634,8.9914,3.303,5.2884,5.6591,5.3059,8.0322
SBM122012,SBMrejectionSpont,6,2.5608,2.8919,5.5273,0.2281,5.557,7.0309,8.2994,5.8102,8.6205,8.7382,9.6276,4.1,4.9256,8.5394,8.996,3.3065,5.2979,5.6601,5.3031,8.0245
SBM122012,SBMrejectionSpont,7,1.1477,3.3979,5.9598,1.4971,5.7281,7.571,8.7832,6.1953,8.9541,8.8658,9.335,NaN,NaN,9.0616,9.7085,0.1106,5.614,5.946,5.8335,8.2217
SBM122012,SBMrejectionSpont,8,1.2771,2.4093,4.3804,1.0619,4.201,6.1454,7.0563,4.5184,7.7762,7.6263,8.1358,NaN,NaN,7.6455,8.262,NaN,NaN,4.4316,4.3149,6.5478
SBM122012,SBMrejectionSpont,9,0.7916,3.2963,5.735,0.7318,5.5557,8.127,8.858,5.884,9.0879,9.4719,9.8433,NaN,NaN,9.298,9.9793,5.2977,5.3138,5.5061,5.4929,8.3652
SBM122012,SBMrejectionSpont,10,0.8044,2.2235,4.4484,0.6388,4.3184,6.4303,7.436,4.5987,7.6776,7.5456,8.2262,NaN,NaN,7.5253,8.2746,NaN,NaN,4.5643,4.4175,6.427
SBM122012,SBMbite,1,0.2625,1.1711,4.4238,4.3305,5.6187,5.1395,5.9235,4.4991,6.1983,5.8784,6.2687,0.0104,0.3496,6.0653,6.6219,2.2869,4.2459,4.4017,4.382,5.619
SBM122012,SBMbite,2,0.4215,1.3365,4.5957,4.3456,5.86,5.2975,6.1458,4.6298,5.8866,6.0883,6.5736,0.2082,1.0492,5.9589,7.2768,2.7245,4.3282,4.4968,4.5667,5.8297
SBM122012,SBMbite,3,0.4952,0.6725,3.2565,3.0818,4.415,3.9029,4.9604,3.2817,4.6445,5.059,5.3983,0.0599,0.4842,4.9101,5.6991,2.0563,3.1139,3.2566,3.1769,4.4045
SBM122012,SBMbite,4,0.2411,0.5795,3.973,3.7596,5.6317,4.6071,5.6472,3.9387,5.4556,5.6758,6.2333,0.0194,0.7142,5.7299,6.7555,2.0994,3.8425,3.8988,3.8552,5.4411
SBM122012,SBMbite,5,0.3344,0.728,2.4413,2.3508,3.7989,2.9682,3.5413,2.5014,3.4242,3.6491,4.4691,0.0267,1.01,3.5018,4.8297,2.3239,2.3282,2.5493,2.4849,3.4425
SBM122012,SBMbite,6,0.1906,0.3348,3.0586,3.0433,4.4651,3.7285,4.3782,3.1761,4.2504,4.6822,5.2675,0,0.6172,4.7003,6.3679,1.7082,2.6921,3.1296,2.969,4.167
IG121420,IGcarb,1,1.0025,1.0025,10.0402,10.0481,14.9187,NaN,NaN,12.1858,15.0142,14.5341,15.379,NaN,NaN,NaN,NaN,1.6262,9.572,10.0996,10.1964,14.0883
IG121420,IGcarb,2,0.8932,0.8932,9.5183,9.5044,13.8894,NaN,NaN,11.4924,13.7259,13.856,14.3275,NaN,NaN,NaN,NaN,1.4783,8.8693,9.4372,9.5779,13.2633
IG121420,IGcarb,3,0.5974,0.5974,14.0905,14.0965,18.6365,NaN,NaN,16.382,18.7766,18.6839,18.9726,11.5882,14.4053,NaN,NaN,1.3022,14.1338,14.139,14.09,18.7131
IG121420,IGcarb,4,0.3863,0.8878,14.3864,14.3216,18.9332,NaN,NaN,16.6693,19.0722,18.5831,19.2664,11.9062,13.932,NaN,NaN,1.6203,13.838,14.3576,14.3845,19.0113
IG121420,IGcarb,5,0.2902,0.5322,15.8126,15.7713,20.3479,NaN,NaN,18.0354,20.1234,20.0632,20.6403,9.6927,15.6464,NaN,NaN,1.208,14.9181,15.829,15.8351,20.2195
IG121420,IGcarb,6,0.69,0.69,14.9026,14.8621,19.1931,NaN,NaN,16.9797,19.1696,18.3265,19.563,6.9909,14.8141,NaN,NaN,1.1929,14.1038,14.9425,14.8769,19.0855
IG121420,IGcarb,7,0.315,0.315,11.9367,11.9605,16.115,NaN,NaN,13.8922,15.8206,16.1114,16.4848,5.219,11.9036,NaN,NaN,0.6461,11.949,12.0478,11.9838,15.7079
IG121420,IGrejectionBN2A,1,0.424,1.4129,2.8025,1.4947,2.9469,4.5687,5.5635,4.452,7.0702,7.1474,7.6829,0.3711,2.8833,NaN,NaN,0.5365,2.4036,3.1843,2.8274,6.1904
IG121420,IGrejectionBN2A,2,0.6455,0.8022,3.3814,1.3909,3.2065,NaN,NaN,5.6305,7.77,8.1849,8.7906,NaN,NaN,NaN,NaN,NaN,NaN,3.5385,3.1857,5.0892
IG121420,IGrejectionBN2A,3,0.5862,0.8372,3.2654,0.6633,3.1537,4.6339,5.2796,4.5121,5.786,5.8059,6.1516,0.314,1.0152,6.6563,7.5251,0.5965,2.5746,3.5531,2.9567,5.842
IG121420,IGrejectionBN2A,4,1.0963,1.511,3.891,0.2424,3.7524,5.0278,5.7255,4.7502,6.1973,5.887,6.5378,0.5271,1.4018,6.5877,7.3889,2.0342,3.4467,4.1139,3.4988,4.9224
IG121420,IGrejectionBN2A,5,0.4773,0.9246,2.4881,0.5164,2.569,3.8381,4.6125,3.8487,4.7572,4.4397,5.1311,0.0705,0.9702,NaN,NaN,1.772,1.8153,2.599,2.4483,3.7479
IG121420,IGrejectionBN2A,6,0.9865,1.1776,2.6606,0.7261,2.6526,3.8715,4.8317,3.7409,4.9878,5.0403,5.3665,0.6156,1.1997,NaN,NaN,1.4917,2.5412,2.7881,2.6638,3.991
IG121420,IGrejectionBN2A,7,0.915,1.4472,3.0008,1.0179,3.1031,4.3659,5.1174,4.3721,5.1283,5.2271,5.8649,0.4919,1.2003,6.1098,6.9853,1.4855,2.804,3.1541,3.0253,4.1901
IG121420,IGrejectionBN2A,8,0.9551,1.4114,3.2871,1.0889,3.4482,4.8361,5.8647,4.283,5.8876,5.981,6.4587,0.7832,1.2609,0.3629,2.3115,0.3629,2.3115,3.3083,3.3556,4.728
IG122012,IGrejectionBN2A,1,1.0035,3.5406,6.5142,1.25,6.3912,9.3489,11.127,7.2185,11.74,11.7068,12.2281,NaN,NaN,11.6629,12.895,0.7643,3.526,6.811,6.4673,11.0117
IG122012,IGrejectionBN2A,2,0.3741,2.0005,3.7871,2.5044,3.8024,5.5003,19.3519,3.9674,19.1956,19.762,20.1759,0.2443,0.5552,19.5173,20.5109,0.4621,3.6099,4.1135,3.8014,13.9668
IG122012,IGrejectionBN2A,3,2.8788,4.1102,14.9969,5.5541,14.8768,17.2325,18.7833,15.4258,19.1437,19.2205,20.7642,3.6407,6.2937,19.7999,24.0204,10.6048,14.7953,15.2539,14.9089,18.1501
IG122012,IGcarb,1,1.3272,1.7556,10.8193,10.9179,23.4169,12.9592,23.4169,11.0023,23.5213,23.4567,24.1016,NaN,NaN,NaN,NaN,7.1555,9.4797,10.9202,10.9987,20.6192
IG122012,IGcarb,2,2.5509,2.8268,11.2317,11.2772,22.0065,13.6958,22.0422,11.3772,22.0906,22.1731,22.8388,NaN,NaN,NaN,NaN,4.2113,11.154,11.3267,11.3786,19.2837
IG122012,IGcarb,3,2.52,3.753,12.9902,13.0646,23.2489,15.4049,23.0449,13.1419,22.2011,22.844,23.4052,NaN,NaN,NaN,NaN,4.719,12.3999,13.1054,13.1657,21.1507
IG122012,IGcarb,4,9.038,9.5881,17.8961,18.0037,27.7007,20.4171,27.8072,18.1732,27.4973,27.6878,28.4563,NaN,NaN,NaN,NaN,11.2844,16.7385,17.9665,18.0641,26.7948
IG122012,IGcarb,5,6.7564,7.0103,15.6424,15.7128,25.4152,18.1063,25.5086,15.7305,25.201,25.3276,26.16,NaN,NaN,NaN,NaN,8.9958,14.4554,15.6683,15.7689,24.5107
IG122012,IGcarb,6,5.2551,5.4402,17.7771,17.7994,24.4196,20.1815,20.465,17.8555,24.3487,24.3682,25.1511,4.0151,5.2317,24.8964,26.3407,4.0151,12.8155,17.8366,17.8993,21.8005
SBM6-8,SBMrejection EN,1,0.2805,0.894,13.3971,1.3981,13.2901,14.9542,20.9167,14.22,20.7458,20.5154,21.0344,NaN,NaN,NaN,NaN,0.8264,13.3651,13.8495,5.8989,20.9167
SBM6-8,SBMrejection EN,2,0.27,0.5971,17.4229,1.3101,17.364,19.1034,20.8537,17.7548,21.1462,21.409,22.2926,NaN,NaN,NaN,NaN,0.6094,16.8793,17.5191,3.7476,21.1753
SBM7-13,SBMrejection EN,1,0.8401,1.1111,6.6695,0.4201,6.5192,10.3961,11.5505,8.9723,11.9966,12.0702,12.4641,0.7729,1.9322,NaN,NaN,0.2016,6.536,6.9135,6.5759,11.2742
SBM7-13,SBMrejection EN,2,3.8036,3.8036,6.9083,0.2648,6.5261,10.0634,13.4683,7.95,13.5364,12.8904,13.9738,NaN,NaN,NaN,NaN,0.9836,6.5828,7.0936,6.3018,10.0067
SBM7-13,SBMrejection EN,3,1.7453,1.7453,4.1887,0.0661,3.3319,7.2192,9.1099,5.2227,8.4832,8.4946,9.7232,NaN,NaN,NaN,NaN,0.0529,3.5964,4.7335,3.2658,8.6075
IG0403,IGrejectionEN,1,170.9553,171.196,175.9628,170.598,175.9513,185.5616,186.597,176.3294,186.5256,186.5256,187.222,NaN,NaN,NaN,NaN,169.6248,175.8283,175.9506,175.9733,185.211
IG0504,IGrejectionEN,1,494.1998,495.2512,500.1574,492.7841,499.9238,504.356,511.3567,501.0853,513.3505,511.9895,513.3505,NaN,NaN,NaN,NaN,492.5305,499.9276,500.3841,499.7798,505.3845
IG0504,IGrejectionEN,8,576.1552,576.7337,583.7352,572.4385,583.3749,588.527,590.158,584.592,588.9393,588.743,589.4167,NaN,NaN,NaN,NaN,573.3121,583.5215,584.0131,582.7753,588.5844
IG060209,IGrejectionEN,1,139.5898,140.199,144.3065,141.5671,144.3296,148.1917,148.7721,146.0376,148.8503,148.8539,149.2969,NaN,NaN,NaN,NaN,138.174,144.3679,144.5966,144.35,147.8695
IG060209,IGrejectionEN,2,169.6185,169.7679,174.0714,166.3249,174.0714,176.6311,181.8394,174.7057,181.7637,181.7637,182.3649,NaN,NaN,NaN,NaN,166.1866,174.0179,174.4135,172.6698,177.3278
IG060209,IGrejectionEN,3,470.4679,471.315,474.6762,471.1166,474.6763,478.8215,479.0693,476.0981,479.37,479.3772,479.6497,NaN,NaN,NaN,NaN,470.1558,474.7131,474.9749,474.7514,474.7514
IG060209,IGrejectionEN,6,506.9151,507.4589,513.0716,509.5617,513.0628,518.691,519.1986,515.615,519.3715,519.3679,519.8535,NaN,NaN,NaN,NaN,506.6793,513.076,513.4027,513.1481,518.4719
IG060209,IGrejectionEN,9,509.4776,509.8549,514.419,508.0027,514.409,518.6074,521.1858,515.9612,520.1802,520.4551,521.7623,NaN,NaN,NaN,NaN,508.5258,514.3879,514.7967,514.3704,518.8755
IG060209,IGrejectionEN,11,448.6415,448.8411,453.2263,449.4762,453.3124,457.7699,459.079,455.6805,459.2071,459.3119,459.6342,NaN,NaN,NaN,NaN,447.84,453.2219,453.6506,453.312,458.2171
IG060209,IGrejectionEN,12,121.6332,121.9103,126.7347,123.7202,126.8533,135.686,139.9536,128.9602,139.9963,139.9963,140.4867,NaN,NaN,NaN,NaN,121.2794,126.7825,127.0562,126.8893,135.2581
IG060209,IGrejectionEN,13,430.1542,430.6068,434.1151,429.3897,434.1123,438.1114,446.4093,435.7342,446.4687,446.4547,446.7822,NaN,NaN,NaN,NaN,428.3219,434.0975,434.4804,434.1269,438.7962
Q10,rep,1,160.4995,160.4995,162.0875,161.653,162.07,163.6642,164.8167,162.7297,165.0453,165.1568,165.5122,159.9468,161.7327,165.2633,166.9247,161.8492,162.0803,162.4787,161.8022,162.8667
Q10,rep,2,306.288,306.288,308.275,307.3835,311.1965,309.3123,311.9282,309.6692,311.7097,312.0323,312.8403,305.2752,306.0518,312.1033,312.5852,306.3972,308.1637,308.3187,308.3017,312.0373
Q27,rep,1,579.0807,579.2585,583.0445,580.3953,584.8238,583.6966,584.8801,584.2401,584.7434,584.849,585.4778,NaN,NaN,585.2454,585.5761,579.7309,582.9941,583.0471,583.0471,583.9289
Q27,rep,2,597.6762,597.6762,599.7605,598.9878,601.3795,NaN,NaN,600.1861,601.1144,601.2465,602.0752,595.5454,597.1474,601.9026,603.3901,598.4696,599.7666,599.8429,599.8429,600.4404
Q27,rep,3,765.3938,765.5585,767.6135,767.3085,769.0537,768.4871,768.7236,767.991,768.9701,769.1085,769.9265,763.8796,766.1046,769.8806,769.8807,766.9984,767.4006,767.7431,767.6799,768.0117
Q27,rep,4,905.416,906.166,908.2935,907.2682,910.5955,909.4875,910.2008,909.0163,910.537,910.1011,911.4151,906.833,907.27,NaN,NaN,905.1011,908.3291,908.4401,908.3369,909.2741
Q27,rep,5,923.1265,923.4802,927.617,927.494,929.247,928.0452,929.1632,928.1746,929.1871,929.3228,929.8528,925.11666,927.2829,929.3019,929.4409,NaN,NaN,927.9494,927.5166,928.2036
Q27,rep,6,139.5425,140.3783,143.0955,141.7388,144.4058,NaN,NaN,144.4124,144.8544,144.7868,145.3658,NaN,NaN,145.5229,146.4861,140.1744,142.9846,143.0979,142.8374,144.2876
Q27,rep,7,146.1072,146.1072,148.7765,147.7827,150.3595,NaN,NaN,149.9481,150.7361,150.7755,151.388,145.5096,146.4774,151.2341,153.0731,146.7669,148.5079,1148.6459,148.7294,149.5894
Q27,rep,8,621.5755,621.7698,624.4912,623.0172,626.1907,625.48,625.9715,624.9661,626.2511,626.1907,626.8185,NaN,NaN,626.8456,627.9386,622.3801,624.3686,624.4616,624.4524,624.6256
Q27,rep,9,627.9248,627.9248,630.6112,629.5817,632.7867,631.8325,632.5147,631.3329,632.8728,632.5068,633.544,626.8743,627.9398,633.0728,633.2025,629.0705,630.4997,630.7988,630.7775,631.1488
Q28,rep,1,346.5034,347.1446,349.624,348.8529,350.6631,351.2433,351.3811,350.7268,351.7484,351.6735,351.9651,NaN,NaN,NaN,NaN,347.7816,349.1992,349.5068,349.615,350.1316
Q28,rep,2,303.3236,304.1118,305.9636,305.2344,306.4874,307.0373,307.7069,306.5801,307.5059,307.384,307.9888,NaN,NaN,NaN,NaN,304.2043,305.8181,305.9245,305.9483,306.6783
